Workbook

Sheet table_1
A1: model | B1: run | C1: frequency | D1: role | E1: detector | F1: base_run | G1: full_cum_return | H1: full_cagr | I1: full_ann_vol | J1: full_sharpe | K1: full_sortino | L1: full_calmar | M1: full_max_dd | N1: full_ulcer | O1: full_turnover_pa | P1: ret_outside_crises_ann | Q1: sharpe_outside_crises | R1: sharpe_inside_crises | S1: fix_hit_count_full | T1: fix_hit_count_ptt | U1: fix_hit_count_ttp | V1: flex_hit_count_full | W1: flex_hit_count_ptt | X1: flex_hit_count_ttp
A2: market_cap | B2: mcap_t_10 | C2: monthly | D2: benchmark | E2: none | G2: 15.230356 | H2: 0.10487192 | I2: 0.2031245 | J2: 0.38772028 | K2: 0.54435196 | L2: 0.2003908 | M2: -0.52333703 | N2: 0.1851086 | O2: 0.16185453 | P2: 0.25093651 | Q2: 1.2384941 | R2: -0.060212669
A3: equal_weight | B3: equal_t_10 | C3: monthly | D3: baseline | E3: none | F3: equal_t_10 | G3: 13.595801 | H3: 0.10068293 | I3: 0.19701639 | J3: 0.38046618 | K3: 0.53332048 | L3: 0.18100431 | M3: -0.55624605 | N3: 0.14437033 | O3: 0.76638353 | P3: 0.22594841 | Q3: 1.2077458 | R3: -0.023964276 | S3: 3/6 | T3: 4/6 | U3: 3/6 | V3: 4/6 | W3: 4/6 | X3: 3/6
A4: mvo | B4: mvo_t_10_lw | C4: monthly | D4: baseline | E4: none | F4: mvo_t_10_lw | G4: 12.773208 | H4: 0.098400444 | I4: 0.19353753 | J4: 0.37657016 | K4: 0.52883062 | L4: 0.18202492 | M4: -0.54058775 | N4: 0.20219585 | O4: 2.0899231 | P4: 0.22989216 | Q4: 1.1294217 | R4: -0.053648663 | S4: 2/6 | T4: 3/6 | U4: 2/6 | V4: 3/6 | W4: 3/6 | X4: 2/5
A5: hrp | B5: hrp_t_10_lw_ward | C5: monthly | D5: baseline | E5: none | F5: hrp_t_10_lw_ward | G5: 11.342476 | H5: 0.094097801 | I5: 0.17172193 | J5: 0.40155689 | K5: 0.5652819 | L5: 0.20644651 | M5: -0.45579748 | N5: 0.10490304 | O5: 1.2952811 | P5: 0.18321647 | Q5: 1.0706662 | R5: 0.054045434 | S5: 2/6 | T5: 5/6 | U5: 2/6 | V5: 5/6 | W5: 5/6 | X5: 4/6
A6: xgb | B6: xgb_t_10_holdout | C6: monthly | D6: baseline | E6: none | F6: xgb_t_10_holdout | G6: 14.77345 | H6: 0.10374348 | I6: 0.21674807 | J6: 0.35864712 | K6: 0.50350775 | L6: 0.16847619 | M6: -0.61577533 | N6: 0.154927 | O6: 5.4942424 | P6: 0.23339039 | Q6: 1.1964281 | R6: -0.019999202 | S6: 3/6 | T6: 3/6 | U6: 3/6 | V6: 4/6 | W6: 3/6 | X6: 3/6
A7: rf | B7: rf_t_10_holdout | C7: monthly | D7: baseline | E7: none | F7: rf_t_10_holdout | G7: 15.337051 | H7: 0.10513102 | I7: 0.21949509 | J7: 0.35988318 | K7: 0.50486586 | L7: 0.17234589 | M7: -0.61000017 | N7: 0.1598728 | O7: 4.8293763 | P7: 0.23484083 | Q7: 1.182935 | R7: -0.014594414 | S7: 4/6 | T7: 3/6 | U7: 4/6 | V7: 4/6 | W7: 3/6 | X7: 4/6
A8: lstm | B8: lstm_t_10_holdout_rank | C8: monthly | D8: baseline | E8: none | F8: lstm_t_10_holdout_rank | G8: 15.946816 | H8: 0.10658116 | I8: 0.21836728 | J8: 0.36774436 | K8: 0.51543333 | L8: 0.173398 | M8: -0.61466199 | N8: 0.1667251 | O8: 3.3601865 | P8: 0.23522846 | Q8: 1.1935436 | R8: -0.0065566178 | S8: 3/6 | T8: 3/6 | U8: 3/6 | V8: 4/6 | W8: 3/6 | X8: 3/6

Sheet table_2
A1: Crises | B1: Equal_Weighted | C1: Drawdown_Weighted | D1: Duration_Weighted | E1: VIX_Weighted
A2: C1 | B2: 0.1667 | C2: 0.241 | D2: 0.4884 | E2: 0.1455
A3: C2 | B3: 0.1667 | C3: 0.2784 | D3: 0.2715 | E3: 0.1881
A4: C3 | B4: 0.1667 | C4: 0.0968 | D4: 0.0494 | E4: 0.1139
A5: C4 | B5: 0.1667 | C5: 0.1663 | D5: 0.0173 | E5: 0.2672
A6: C5 | B6: 0.1667 | C6: 0.1247 | D6: 0.1481 | E6: 0.1498
A7: C6 | B7: 0.1667 | C7: 0.0927 | D7: 0.0252 | E7: 0.1355
A12: Equal Weighted Crises | B12: Baselines only
A13: model | B13: run | C13: frequency | D13: role | E13: detector | F13: base_run | G13: avg_crisis_exc_ret_full_fix | H13: avg_crisis_exc_dd_full_fix | I13: avg_crisis_exc_dd_full_flex | J13: avg_crisis_exc_days_full_flex | K13: avg_crisis_exc_ulcer_full_flex | L13: avg_crisis_exc_ret_ptt_fix | M13: avg_crisis_exc_dd_ptt_fix | N13: avg_crisis_exc_days_ptt_flex | O13: avg_crisis_exc_ret_ttp_fix | P13: avg_crisis_exc_dd_ttp_fix | Q13: avg_crisis_exc_days_ttp_flex | R13: avg_exc_crisis_ret_to_even_ttp_flex
A14: market_cap | B14: mcap_t_10 | C14: monthly | D14: benchmark | E14: none | G14: =SUM(crises_vs_mcap!J2*$B$2+crises_vs_mcap!K2*$B$3+crises_vs_mcap!L2*$B$4+crises_vs_mcap!M2*$B$5+crises_vs_mcap!N2*$B$6+crises_vs_mcap!O2*$B$7) -> 0 | H14: =SUM(crises_vs_mcap!P2*$B$2+crises_vs_mcap!Q2*$B$3+crises_vs_mcap!R2*$B$4+crises_vs_mcap!S2*$B$5+crises_vs_mcap!T2*$B$6+crises_vs_mcap!U2*$B$7) -> 0 | I14: =SUM(crises_vs_mcap!AB2*$B$2+crises_vs_mcap!AC2*$B$3+crises_vs_mcap!AD2*$B$4+crises_vs_mcap!AE2*$B$5+crises_vs_mcap!AF2*$B$6+crises_vs_mcap!AG2*$B$7) -> 0 | J14: =(N(crises_vs_mcap!AH2)*$B$2+N(crises_vs_mcap!AI2)*$B$3+N(crises_vs_mcap!AJ2)*$B$4+N(crises_vs_mcap!AK2)*$B$5+N(crises_vs_mcap!AL2)*$B$6+N(crises_vs_mcap!AM2)*$B$7) /(ISNUMBER(crises_vs_mcap!AH2)*$B$2+ISNUMBER(crises_vs_mcap!AI2)*$B$3+ISNUMBER(crises_vs_mcap!AJ2)*$B$4+ISNUMBER(crises_vs_mcap!AK2)*$B$5+ISNUMBER(crises_vs_mcap!AL2)*$B$6+ISNUMBER(crises_vs_mcap!AM2)*$B$7) -> 0 | K14: =SUM(crises_vs_mcap!AZ2*$B$2+crises_vs_mcap!BA2*$B$3+crises_vs_mcap!BB2*$B$4+crises_vs_mcap!BC2*$B$5+crises_vs_mcap!BD2*$B$6+crises_vs_mcap!BE2*$B$7) -> 0 | L14: =SUM(crises_vs_mcap!BL2*$B$2+crises_vs_mcap!BM2*$B$3+crises_vs_mcap!BN2*$B$4+crises_vs_mcap!BO2*$B$5+crises_vs_mcap!BP2*$B$6+crises_vs_mcap!BQ2*$B$7) -> 0 | M14: =SUM(crises_vs_mcap!BR2*$B$2+crises_vs_mcap!BS2*$B$3+crises_vs_mcap!BT2*$B$4+crises_vs_mcap!BU2*$B$5+crises_vs_mcap!BV2*$B$6+crises_vs_mcap!BW2*$B$7) -> 0 | N14: =SUM(crises_vs_mcap!BX2*$B$2+crises_vs_mcap!BY2*$B$3+crises_vs_mcap!BZ2*$B$4+crises_vs_mcap!CA2*$B$5+crises_vs_mcap!CB2*$B$6+crises_vs_mcap!CC2*$B$7) -> 0 | O14: =SUM(crises_vs_mcap!CD2*$B$2+crises_vs_mcap!CE2*$B$3+crises_vs_mcap!CF2*$B$4+crises_vs_mcap!CG2*$B$5+crises_vs_mcap!CH2*$B$6+crises_vs_mcap!CI2*$B$7) -> 0 | P14: =SUM(crises_vs_mcap!CJ2*$B$2+crises_vs_mcap!CK2*$B$3+crises_vs_mcap!CL2*$B$4+crises_vs_mcap!CM2*$B$5+crises_vs_mcap!CN2*$B$6+crises_vs_mcap!CO2*$B$7) -> 0 | Q14: =(N(crises_vs_mcap!CP2)*$B$2+N(crises_vs_mcap!CQ2)*$B$3+N(crises_vs_mcap!CR2)*$B$4+N(crises_vs_mcap!CS2)*$B$5+N(crises_vs_mcap!CT2)*$B$6+N(crises_vs_mcap!CU2)*$B$7)/(ISNUMBER(crises_vs_mcap!CP2)*$B$2+ISNUMBER(crises_vs_mcap!CQ2)*$B$3+ISNUMBER(crises_vs_mcap!CR2)*$B$4+ISNUMBER(crises_vs_mcap!CS2)*$B$5+ISNUMBER(crises_vs_mcap!CT2)*$B$6+ISNUMBER(crises_vs_mcap!CU2)*$B$7) -> 0 | R14: =SUM(crises_vs_mcap!CV2*$B$2+crises_vs_mcap!CW2*$B$3+crises_vs_mcap!CX2*$B$4+crises_vs_mcap!CY2*$B$5+crises_vs_mcap!CZ2*$B$6+crises_vs_mcap!DA2*$B$7) -> 0
A15: equal_weight | B15: equal_t_10 | C15: monthly | D15: baseline | E15: none | F15: equal_t_10 | G15: =SUM(crises_vs_mcap!J3*$B$2+crises_vs_mcap!K3*$B$3+crises_vs_mcap!L3*$B$4+crises_vs_mcap!M3*$B$5+crises_vs_mcap!N3*$B$6+crises_vs_mcap!O3*$B$7) -> 0.027620566 | H15: =SUM(crises_vs_mcap!P3*$B$2+crises_vs_mcap!Q3*$B$3+crises_vs_mcap!R3*$B$4+crises_vs_mcap!S3*$B$5+crises_vs_mcap!T3*$B$6+crises_vs_mcap!U3*$B$7) -> 0.021507022 | I15: =SUM(crises_vs_mcap!AB3*$B$2+crises_vs_mcap!AC3*$B$3+crises_vs_mcap!AD3*$B$4+crises_vs_mcap!AE3*$B$5+crises_vs_mcap!AF3*$B$6+crises_vs_mcap!AG3*$B$7) -> 0.023659839 | J15: =(N(crises_vs_mcap!AH3)*$B$2+N(crises_vs_mcap!AI3)*$B$3+N(crises_vs_mcap!AJ3)*$B$4+N(crises_vs_mcap!AK3)*$B$5+N(crises_vs_mcap!AL3)*$B$6+N(crises_vs_mcap!AM3)*$B$7) /(ISNUMBER(crises_vs_mcap!AH3)*$B$2+ISNUMBER(crises_vs_mcap!AI3)*$B$3+ISNUMBER(crises_vs_mcap!AJ3)*$B$4+ISNUMBER(crises_vs_mcap!AK3)*$B$5+ISNUMBER(crises_vs_mcap!AL3)*$B$6+ISNUMBER(crises_vs_mcap!AM3)*$B$7) -> 15 | K15: =SUM(crises_vs_mcap!AZ3*$B$2+crises_vs_mcap!BA3*$B$3+crises_vs_mcap!BB3*$B$4+crises_vs_mcap!BC3*$B$5+crises_vs_mcap!BD3*$B$6+crises_vs_mcap!BE3*$B$7) -> -0.0234268 | L15: =SUM(crises_vs_mcap!BL3*$B$2+crises_vs_mcap!BM3*$B$3+crises_vs_mcap!BN3*$B$4+crises_vs_mcap!BO3*$B$5+crises_vs_mcap!BP3*$B$6+crises_vs_mcap!BQ3*$B$7) -> 0.029642638 | M15: =SUM(crises_vs_mcap!BR3*$B$2+crises_vs_mcap!BS3*$B$3+crises_vs_mcap!BT3*$B$4+crises_vs_mcap!BU3*$B$5+crises_vs_mcap!BV3*$B$6+crises_vs_mcap!BW3*$B$7) -> 0.019151629 | N15: =SUM(crises_vs_mcap!BX3*$B$2+crises_vs_mcap!BY3*$B$3+crises_vs_mcap!BZ3*$B$4+crises_vs_mcap!CA3*$B$5+crises_vs_mcap!CB3*$B$6+crises_vs_mcap!CC3*$B$7) -> -9.6686 | O15: =SUM(crises_vs_mcap!CD3*$B$2+crises_vs_mcap!CE3*$B$3+crises_vs_mcap!CF3*$B$4+crises_vs_mcap!CG3*$B$5+crises_vs_mcap!CH3*$B$6+crises_vs_mcap!CI3*$B$7) -> -0.0016782381 | P15: =SUM(crises_vs_mcap!CJ3*$B$2+crises_vs_mcap!CK3*$B$3+crises_vs_mcap!CL3*$B$4+crises_vs_mcap!CM3*$B$5+crises_vs_mcap!CN3*$B$6+crises_vs_mcap!CO3*$B$7) -> 0.00025483414 | Q15: =(N(crises_vs_mcap!CP3)*$B$2+N(crises_vs_mcap!CQ3)*$B$3+N(crises_vs_mcap!CR3)*$B$4+N(crises_vs_mcap!CS3)*$B$5+N(crises_vs_mcap!CT3)*$B$6+N(crises_vs_mcap!CU3)*$B$7)/(ISNUMBER(crises_vs_mcap!CP3)*$B$2+ISNUMBER(crises_vs_mcap!CQ3)*$B$3+ISNUMBER(crises_vs_mcap!CR3)*$B$4+ISNUMBER(crises_vs_mcap!CS3)*$B$5+ISNUMBER(crises_vs_mcap!CT3)*$B$6+ISNUMBER(crises_vs_mcap!CU3)*$B$7) -> 26.6 | R15: =SUM(crises_vs_mcap!CV3*$B$2+crises_vs_mcap!CW3*$B$3+crises_vs_mcap!CX3*$B$4+crises_vs_mcap!CY3*$B$5+crises_vs_mcap!CZ3*$B$6+crises_vs_mcap!DA3*$B$7) -> -0.041159272
A16: mvo | B16: mvo_t_10_lw | C16: monthly | D16: baseline | E16: none | F16: mvo_t_10_lw | G16: =SUM(crises_vs_mcap!J4*$B$2+crises_vs_mcap!K4*$B$3+crises_vs_mcap!L4*$B$4+crises_vs_mcap!M4*$B$5+crises_vs_mcap!N4*$B$6+crises_vs_mcap!O4*$B$7) -> 0.0096665159 | H16: =SUM(crises_vs_mcap!P4*$B$2+crises_vs_mcap!Q4*$B$3+crises_vs_mcap!R4*$B$4+crises_vs_mcap!S4*$B$5+crises_vs_mcap!T4*$B$6+crises_vs_mcap!U4*$B$7) -> 0.008537705 | I16: =SUM(crises_vs_mcap!AB4*$B$2+crises_vs_mcap!AC4*$B$3+crises_vs_mcap!AD4*$B$4+crises_vs_mcap!AE4*$B$5+crises_vs_mcap!AF4*$B$6+crises_vs_mcap!AG4*$B$7) -> 0.0097933187 | J16: =(N(crises_vs_mcap!AH4)*$B$2+N(crises_vs_mcap!AI4)*$B$3+N(crises_vs_mcap!AJ4)*$B$4+N(crises_vs_mcap!AK4)*$B$5+N(crises_vs_mcap!AL4)*$B$6+N(crises_vs_mcap!AM4)*$B$7) /(ISNUMBER(crises_vs_mcap!AH4)*$B$2+ISNUMBER(crises_vs_mcap!AI4)*$B$3+ISNUMBER(crises_vs_mcap!AJ4)*$B$4+ISNUMBER(crises_vs_mcap!AK4)*$B$5+ISNUMBER(crises_vs_mcap!AL4)*$B$6+ISNUMBER(crises_vs_mcap!AM4)*$B$7) -> -82 | K16: =SUM(crises_vs_mcap!AZ4*$B$2+crises_vs_mcap!BA4*$B$3+crises_vs_mcap!BB4*$B$4+crises_vs_mcap!BC4*$B$5+crises_vs_mcap!BD4*$B$6+crises_vs_mcap!BE4*$B$7) -> 0.0016740791 | L16: =SUM(crises_vs_mcap!BL4*$B$2+crises_vs_mcap!BM4*$B$3+crises_vs_mcap!BN4*$B$4+crises_vs_mcap!BO4*$B$5+crises_vs_mcap!BP4*$B$6+crises_vs_mcap!BQ4*$B$7) -> 0.013410217 | M16: =SUM(crises_vs_mcap!BR4*$B$2+crises_vs_mcap!BS4*$B$3+crises_vs_mcap!BT4*$B$4+crises_vs_mcap!BU4*$B$5+crises_vs_mcap!BV4*$B$6+crises_vs_mcap!BW4*$B$7) -> 0.0068174984 | N16: =SUM(crises_vs_mcap!BX4*$B$2+crises_vs_mcap!BY4*$B$3+crises_vs_mcap!BZ4*$B$4+crises_vs_mcap!CA4*$B$5+crises_vs_mcap!CB4*$B$6+crises_vs_mcap!CC4*$B$7) -> -0.3334 | O16: =SUM(crises_vs_mcap!CD4*$B$2+crises_vs_mcap!CE4*$B$3+crises_vs_mcap!CF4*$B$4+crises_vs_mcap!CG4*$B$5+crises_vs_mcap!CH4*$B$6+crises_vs_mcap!CI4*$B$7) -> -0.0038813381 | P16: =SUM(crises_vs_mcap!CJ4*$B$2+crises_vs_mcap!CK4*$B$3+crises_vs_mcap!CL4*$B$4+crises_vs_mcap!CM4*$B$5+crises_vs_mcap!CN4*$B$6+crises_vs_mcap!CO4*$B$7) -> 0.0091332807 | Q16: =(N(crises_vs_mcap!CP4)*$B$2+N(crises_vs_mcap!CQ4)*$B$3+N(crises_vs_mcap!CR4)*$B$4+N(crises_vs_mcap!CS4)*$B$5+N(crises_vs_mcap!CT4)*$B$6+N(crises_vs_mcap!CU4)*$B$7)/(ISNUMBER(crises_vs_mcap!CP4)*$B$2+ISNUMBER(crises_vs_mcap!CQ4)*$B$3+ISNUMBER(crises_vs_mcap!CR4)*$B$4+ISNUMBER(crises_vs_mcap!CS4)*$B$5+ISNUMBER(crises_vs_mcap!CT4)*$B$6+ISNUMBER(crises_vs_mcap!CU4)*$B$7) -> -81.6 | R16: =SUM(crises_vs_mcap!CV4*$B$2+crises_vs_mcap!CW4*$B$3+crises_vs_mcap!CX4*$B$4+crises_vs_mcap!CY4*$B$5+crises_vs_mcap!CZ4*$B$6+crises_vs_mcap!DA4*$B$7) -> -0.017203458
A17: hrp | B17: hrp_t_10_lw_ward | C17: monthly | D17: baseline | E17: none | F17: hrp_t_10_lw_ward | G17: =SUM(crises_vs_mcap!J5*$B$2+crises_vs_mcap!K5*$B$3+crises_vs_mcap!L5*$B$4+crises_vs_mcap!M5*$B$5+crises_vs_mcap!N5*$B$6+crises_vs_mcap!O5*$B$7) -> 0.080705334 | H17: =SUM(crises_vs_mcap!P5*$B$2+crises_vs_mcap!Q5*$B$3+crises_vs_mcap!R5*$B$4+crises_vs_mcap!S5*$B$5+crises_vs_mcap!T5*$B$6+crises_vs_mcap!U5*$B$7) -> 0.066932689 | I17: =SUM(crises_vs_mcap!AB5*$B$2+crises_vs_mcap!AC5*$B$3+crises_vs_mcap!AD5*$B$4+crises_vs_mcap!AE5*$B$5+crises_vs_mcap!AF5*$B$6+crises_vs_mcap!AG5*$B$7) -> 0.07281429 | J17: =(N(crises_vs_mcap!AH5)*$B$2+N(crises_vs_mcap!AI5)*$B$3+N(crises_vs_mcap!AJ5)*$B$4+N(crises_vs_mcap!AK5)*$B$5+N(crises_vs_mcap!AL5)*$B$6+N(crises_vs_mcap!AM5)*$B$7) /(ISNUMBER(crises_vs_mcap!AH5)*$B$2+ISNUMBER(crises_vs_mcap!AI5)*$B$3+ISNUMBER(crises_vs_mcap!AJ5)*$B$4+ISNUMBER(crises_vs_mcap!AK5)*$B$5+ISNUMBER(crises_vs_mcap!AL5)*$B$6+ISNUMBER(crises_vs_mcap!AM5)*$B$7) -> -30 | K17: =SUM(crises_vs_mcap!AZ5*$B$2+crises_vs_mcap!BA5*$B$3+crises_vs_mcap!BB5*$B$4+crises_vs_mcap!BC5*$B$5+crises_vs_mcap!BD5*$B$6+crises_vs_mcap!BE5*$B$7) -> -0.047013322 | L17: =SUM(crises_vs_mcap!BL5*$B$2+crises_vs_mcap!BM5*$B$3+crises_vs_mcap!BN5*$B$4+crises_vs_mcap!BO5*$B$5+crises_vs_mcap!BP5*$B$6+crises_vs_mcap!BQ5*$B$7) -> 0.12407229 | M17: =SUM(crises_vs_mcap!BR5*$B$2+crises_vs_mcap!BS5*$B$3+crises_vs_mcap!BT5*$B$4+crises_vs_mcap!BU5*$B$5+crises_vs_mcap!BV5*$B$6+crises_vs_mcap!BW5*$B$7) -> 0.064577295 | N17: =SUM(crises_vs_mcap!BX5*$B$2+crises_vs_mcap!BY5*$B$3+crises_vs_mcap!BZ5*$B$4+crises_vs_mcap!CA5*$B$5+crises_vs_mcap!CB5*$B$6+crises_vs_mcap!CC5*$B$7) -> -9.6686 | O17: =SUM(crises_vs_mcap!CD5*$B$2+crises_vs_mcap!CE5*$B$3+crises_vs_mcap!CF5*$B$4+crises_vs_mcap!CG5*$B$5+crises_vs_mcap!CH5*$B$6+crises_vs_mcap!CI5*$B$7) -> -0.042626222 | P17: =SUM(crises_vs_mcap!CJ5*$B$2+crises_vs_mcap!CK5*$B$3+crises_vs_mcap!CL5*$B$4+crises_vs_mcap!CM5*$B$5+crises_vs_mcap!CN5*$B$6+crises_vs_mcap!CO5*$B$7) -> 0.015737388 | Q17: =(N(crises_vs_mcap!CP5)*$B$2+N(crises_vs_mcap!CQ5)*$B$3+N(crises_vs_mcap!CR5)*$B$4+N(crises_vs_mcap!CS5)*$B$5+N(crises_vs_mcap!CT5)*$B$6+N(crises_vs_mcap!CU5)*$B$7)/(ISNUMBER(crises_vs_mcap!CP5)*$B$2+ISNUMBER(crises_vs_mcap!CQ5)*$B$3+ISNUMBER(crises_vs_mcap!CR5)*$B$4+ISNUMBER(crises_vs_mcap!CS5)*$B$5+ISNUMBER(crises_vs_mcap!CT5)*$B$6+ISNUMBER(crises_vs_mcap!CU5)*$B$7) -> -18.4 | R17: =SUM(crises_vs_mcap!CV5*$B$2+crises_vs_mcap!CW5*$B$3+crises_vs_mcap!CX5*$B$4+crises_vs_mcap!CY5*$B$5+crises_vs_mcap!CZ5*$B$6+crises_vs_mcap!DA5*$B$7) -> -0.17173292
A18: xgb | B18: xgb_t_10_holdout | C18: monthly | D18: baseline | E18: none | F18: xgb_t_10_holdout | G18: =SUM(crises_vs_mcap!J6*$B$2+crises_vs_mcap!K6*$B$3+crises_vs_mcap!L6*$B$4+crises_vs_mcap!M6*$B$5+crises_vs_mcap!N6*$B$6+crises_vs_mcap!O6*$B$7) -> 0.03077339 | H18: =SUM(crises_vs_mcap!P6*$B$2+crises_vs_mcap!Q6*$B$3+crises_vs_mcap!R6*$B$4+crises_vs_mcap!S6*$B$5+crises_vs_mcap!T6*$B$6+crises_vs_mcap!U6*$B$7) -> 0.0014335506 | I18: =SUM(crises_vs_mcap!AB6*$B$2+crises_vs_mcap!AC6*$B$3+crises_vs_mcap!AD6*$B$4+crises_vs_mcap!AE6*$B$5+crises_vs_mcap!AF6*$B$6+crises_vs_mcap!AG6*$B$7) -> 0.0029887509 | J18: =(N(crises_vs_mcap!AH6)*$B$2+N(crises_vs_mcap!AI6)*$B$3+N(crises_vs_mcap!AJ6)*$B$4+N(crises_vs_mcap!AK6)*$B$5+N(crises_vs_mcap!AL6)*$B$6+N(crises_vs_mcap!AM6)*$B$7) /(ISNUMBER(crises_vs_mcap!AH6)*$B$2+ISNUMBER(crises_vs_mcap!AI6)*$B$3+ISNUMBER(crises_vs_mcap!AJ6)*$B$4+ISNUMBER(crises_vs_mcap!AK6)*$B$5+ISNUMBER(crises_vs_mcap!AL6)*$B$6+ISNUMBER(crises_vs_mcap!AM6)*$B$7) -> 22.4 | K18: =SUM(crises_vs_mcap!AZ6*$B$2+crises_vs_mcap!BA6*$B$3+crises_vs_mcap!BB6*$B$4+crises_vs_mcap!BC6*$B$5+crises_vs_mcap!BD6*$B$6+crises_vs_mcap!BE6*$B$7) -> -0.017010607 | L18: =SUM(crises_vs_mcap!BL6*$B$2+crises_vs_mcap!BM6*$B$3+crises_vs_mcap!BN6*$B$4+crises_vs_mcap!BO6*$B$5+crises_vs_mcap!BP6*$B$6+crises_vs_mcap!BQ6*$B$7) -> -0.0062112049 | M18: =SUM(crises_vs_mcap!BR6*$B$2+crises_vs_mcap!BS6*$B$3+crises_vs_mcap!BT6*$B$4+crises_vs_mcap!BU6*$B$5+crises_vs_mcap!BV6*$B$6+crises_vs_mcap!BW6*$B$7) -> -0.00085195853 | N18: =SUM(crises_vs_mcap!BX6*$B$2+crises_vs_mcap!BY6*$B$3+crises_vs_mcap!BZ6*$B$4+crises_vs_mcap!CA6*$B$5+crises_vs_mcap!CB6*$B$6+crises_vs_mcap!CC6*$B$7) -> -0.5001 | O18: =SUM(crises_vs_mcap!CD6*$B$2+crises_vs_mcap!CE6*$B$3+crises_vs_mcap!CF6*$B$4+crises_vs_mcap!CG6*$B$5+crises_vs_mcap!CH6*$B$6+crises_vs_mcap!CI6*$B$7) -> 0.041446516 | P18: =SUM(crises_vs_mcap!CJ6*$B$2+crises_vs_mcap!CK6*$B$3+crises_vs_mcap!CL6*$B$4+crises_vs_mcap!CM6*$B$5+crises_vs_mcap!CN6*$B$6+crises_vs_mcap!CO6*$B$7) -> -0.01466919 | Q18: =(N(crises_vs_mcap!CP6)*$B$2+N(crises_vs_mcap!CQ6)*$B$3+N(crises_vs_mcap!CR6)*$B$4+N(crises_vs_mcap!CS6)*$B$5+N(crises_vs_mcap!CT6)*$B$6+N(crises_vs_mcap!CU6)*$B$7)/(ISNUMBER(crises_vs_mcap!CP6)*$B$2+ISNUMBER(crises_vs_mcap!CQ6)*$B$3+ISNUMBER(crises_vs_mcap!CR6)*$B$4+ISNUMBER(crises_vs_mcap!CS6)*$B$5+ISNUMBER(crises_vs_mcap!CT6)*$B$6+ISNUMBER(crises_vs_mcap!CU6)*$B$7) -> 34 | R18: =SUM(crises_vs_mcap!CV6*$B$2+crises_vs_mcap!CW6*$B$3+crises_vs_mcap!CX6*$B$4+crises_vs_mcap!CY6*$B$5+crises_vs_mcap!CZ6*$B$6+crises_vs_mcap!DA6*$B$7) -> 0.037765562
A19: rf | B19: rf_t_10_holdout | C19: monthly | D19: baseline | E19: none | F19: rf_t_10_holdout | G19: =SUM(crises_vs_mcap!J7*$B$2+crises_vs_mcap!K7*$B$3+crises_vs_mcap!L7*$B$4+crises_vs_mcap!M7*$B$5+crises_vs_mcap!N7*$B$6+crises_vs_mcap!O7*$B$7) -> 0.0370207 | H19: =SUM(crises_vs_mcap!P7*$B$2+crises_vs_mcap!Q7*$B$3+crises_vs_mcap!R7*$B$4+crises_vs_mcap!S7*$B$5+crises_vs_mcap!T7*$B$6+crises_vs_mcap!U7*$B$7) -> -0.004439295 | I19: =SUM(crises_vs_mcap!AB7*$B$2+crises_vs_mcap!AC7*$B$3+crises_vs_mcap!AD7*$B$4+crises_vs_mcap!AE7*$B$5+crises_vs_mcap!AF7*$B$6+crises_vs_mcap!AG7*$B$7) -> -0.0022929847 | J19: =(N(crises_vs_mcap!AH7)*$B$2+N(crises_vs_mcap!AI7)*$B$3+N(crises_vs_mcap!AJ7)*$B$4+N(crises_vs_mcap!AK7)*$B$5+N(crises_vs_mcap!AL7)*$B$6+N(crises_vs_mcap!AM7)*$B$7) /(ISNUMBER(crises_vs_mcap!AH7)*$B$2+ISNUMBER(crises_vs_mcap!AI7)*$B$3+ISNUMBER(crises_vs_mcap!AJ7)*$B$4+ISNUMBER(crises_vs_mcap!AK7)*$B$5+ISNUMBER(crises_vs_mcap!AL7)*$B$6+ISNUMBER(crises_vs_mcap!AM7)*$B$7) -> 32.8 | K19: =SUM(crises_vs_mcap!AZ7*$B$2+crises_vs_mcap!BA7*$B$3+crises_vs_mcap!BB7*$B$4+crises_vs_mcap!BC7*$B$5+crises_vs_mcap!BD7*$B$6+crises_vs_mcap!BE7*$B$7) -> -0.013379307 | L19: =SUM(crises_vs_mcap!BL7*$B$2+crises_vs_mcap!BM7*$B$3+crises_vs_mcap!BN7*$B$4+crises_vs_mcap!BO7*$B$5+crises_vs_mcap!BP7*$B$6+crises_vs_mcap!BQ7*$B$7) -> -0.012910783 | M19: =SUM(crises_vs_mcap!BR7*$B$2+crises_vs_mcap!BS7*$B$3+crises_vs_mcap!BT7*$B$4+crises_vs_mcap!BU7*$B$5+crises_vs_mcap!BV7*$B$6+crises_vs_mcap!BW7*$B$7) -> -0.0066408809 | N19: =SUM(crises_vs_mcap!BX7*$B$2+crises_vs_mcap!BY7*$B$3+crises_vs_mcap!BZ7*$B$4+crises_vs_mcap!CA7*$B$5+crises_vs_mcap!CB7*$B$6+crises_vs_mcap!CC7*$B$7) -> -0.5001 | O19: =SUM(crises_vs_mcap!CD7*$B$2+crises_vs_mcap!CE7*$B$3+crises_vs_mcap!CF7*$B$4+crises_vs_mcap!CG7*$B$5+crises_vs_mcap!CH7*$B$6+crises_vs_mcap!CI7*$B$7) -> 0.050657506 | P19: =SUM(crises_vs_mcap!CJ7*$B$2+crises_vs_mcap!CK7*$B$3+crises_vs_mcap!CL7*$B$4+crises_vs_mcap!CM7*$B$5+crises_vs_mcap!CN7*$B$6+crises_vs_mcap!CO7*$B$7) -> -0.016343604 | Q19: =(N(crises_vs_mcap!CP7)*$B$2+N(crises_vs_mcap!CQ7)*$B$3+N(crises_vs_mcap!CR7)*$B$4+N(crises_vs_mcap!CS7)*$B$5+N(crises_vs_mcap!CT7)*$B$6+N(crises_vs_mcap!CU7)*$B$7)/(ISNUMBER(crises_vs_mcap!CP7)*$B$2+ISNUMBER(crises_vs_mcap!CQ7)*$B$3+ISNUMBER(crises_vs_mcap!CR7)*$B$4+ISNUMBER(crises_vs_mcap!CS7)*$B$5+ISNUMBER(crises_vs_mcap!CT7)*$B$6+ISNUMBER(crises_vs_mcap!CU7)*$B$7) -> 44.4 | R19: =SUM(crises_vs_mcap!CV7*$B$2+crises_vs_mcap!CW7*$B$3+crises_vs_mcap!CX7*$B$4+crises_vs_mcap!CY7*$B$5+crises_vs_mcap!CZ7*$B$6+crises_vs_mcap!DA7*$B$7) -> 0.045411043
A20: lstm | B20: lstm_t_10_holdout_rank | C20: monthly | D20: baseline | E20: none | F20: lstm_t_10_holdout_rank | G20: =SUM(crises_vs_mcap!J8*$B$2+crises_vs_mcap!K8*$B$3+crises_vs_mcap!L8*$B$4+crises_vs_mcap!M8*$B$5+crises_vs_mcap!N8*$B$6+crises_vs_mcap!O8*$B$7) -> 0.043965084 | H20: =SUM(crises_vs_mcap!P8*$B$2+crises_vs_mcap!Q8*$B$3+crises_vs_mcap!R8*$B$4+crises_vs_mcap!S8*$B$5+crises_vs_mcap!T8*$B$6+crises_vs_mcap!U8*$B$7) -> 0.00043880703 | I20: =SUM(crises_vs_mcap!AB8*$B$2+crises_vs_mcap!AC8*$B$3+crises_vs_mcap!AD8*$B$4+crises_vs_mcap!AE8*$B$5+crises_vs_mcap!AF8*$B$6+crises_vs_mcap!AG8*$B$7) -> 0.0032476532 | J20: =(N(crises_vs_mcap!AH8)*$B$2+N(crises_vs_mcap!AI8)*$B$3+N(crises_vs_mcap!AJ8)*$B$4+N(crises_vs_mcap!AK8)*$B$5+N(crises_vs_mcap!AL8)*$B$6+N(crises_vs_mcap!AM8)*$B$7) /(ISNUMBER(crises_vs_mcap!AH8)*$B$2+ISNUMBER(crises_vs_mcap!AI8)*$B$3+ISNUMBER(crises_vs_mcap!AJ8)*$B$4+ISNUMBER(crises_vs_mcap!AK8)*$B$5+ISNUMBER(crises_vs_mcap!AL8)*$B$6+ISNUMBER(crises_vs_mcap!AM8)*$B$7) -> 30.6 | K20: =SUM(crises_vs_mcap!AZ8*$B$2+crises_vs_mcap!BA8*$B$3+crises_vs_mcap!BB8*$B$4+crises_vs_mcap!BC8*$B$5+crises_vs_mcap!BD8*$B$6+crises_vs_mcap!BE8*$B$7) -> -0.014010869 | L20: =SUM(crises_vs_mcap!BL8*$B$2+crises_vs_mcap!BM8*$B$3+crises_vs_mcap!BN8*$B$4+crises_vs_mcap!BO8*$B$5+crises_vs_mcap!BP8*$B$6+crises_vs_mcap!BQ8*$B$7) -> -0.0084747571 | M20: =SUM(crises_vs_mcap!BR8*$B$2+crises_vs_mcap!BS8*$B$3+crises_vs_mcap!BT8*$B$4+crises_vs_mcap!BU8*$B$5+crises_vs_mcap!BV8*$B$6+crises_vs_mcap!BW8*$B$7) -> -0.0012534334 | N20: =SUM(crises_vs_mcap!BX8*$B$2+crises_vs_mcap!BY8*$B$3+crises_vs_mcap!BZ8*$B$4+crises_vs_mcap!CA8*$B$5+crises_vs_mcap!CB8*$B$6+crises_vs_mcap!CC8*$B$7) -> 1.8337 | O20: =SUM(crises_vs_mcap!CD8*$B$2+crises_vs_mcap!CE8*$B$3+crises_vs_mcap!CF8*$B$4+crises_vs_mcap!CG8*$B$5+crises_vs_mcap!CH8*$B$6+crises_vs_mcap!CI8*$B$7) -> 0.053866956 | P20: =SUM(crises_vs_mcap!CJ8*$B$2+crises_vs_mcap!CK8*$B$3+crises_vs_mcap!CL8*$B$4+crises_vs_mcap!CM8*$B$5+crises_vs_mcap!CN8*$B$6+crises_vs_mcap!CO8*$B$7) -> -0.015008818 | Q20: =(N(crises_vs_mcap!CP8)*$B$2+N(crises_vs_mcap!CQ8)*$B$3+N(crises_vs_mcap!CR8)*$B$4+N(crises_vs_mcap!CS8)*$B$5+N(crises_vs_mcap!CT8)*$B$6+N(crises_vs_mcap!CU8)*$B$7)/(ISNUMBER(crises_vs_mcap!CP8)*$B$2+ISNUMBER(crises_vs_mcap!CQ8)*$B$3+ISNUMBER(crises_vs_mcap!CR8)*$B$4+ISNUMBER(crises_vs_mcap!CS8)*$B$5+ISNUMBER(crises_vs_mcap!CT8)*$B$6+ISNUMBER(crises_vs_mcap!CU8)*$B$7) -> 39.4 | R20: =SUM(crises_vs_mcap!CV8*$B$2+crises_vs_mcap!CW8*$B$3+crises_vs_mcap!CX8*$B$4+crises_vs_mcap!CY8*$B$5+crises_vs_mcap!CZ8*$B$6+crises_vs_mcap!DA8*$B$7) -> 0.042983653
J22: excluding c1, as mcap did not recover | Q22: excluding c1, as mcap did not recover
A23: Sensitivity Analyses
A24: Drawdown Weighted Crises
A25: model | B25: run | C25: frequency | D25: role | E25: detector | F25: base_run | G25: dd_crisis_exc_ret_full_fix | H25: dd_crisis_exc_dd_full_fix | I25: dd_crisis_exc_dd_full_flex | J25: dd_crisis_exc_days_full_flex | K25: dd_crisis_exc_ulcer_full_flex | L25: dd_crisis_exc_ret_ptt_fix | M25: dd_crisis_exc_dd_ptt_fix | N25: dd_crisis_exc_days_ptt_flex | O25: dd_crisis_exc_ret_ttp_fix | P25: dd_crisis_exc_dd_ttp_fix | Q25: dd_crisis_exc_days_ttp_flex | R25: dd_exc_crisis_ret_to_even_ttp_flex
A26: market_cap | B26: mcap_t_10 | C26: monthly | D26: benchmark | E26: none | G26: =SUM(crises_vs_mcap!J2*$C$2+crises_vs_mcap!K2*$C$3+crises_vs_mcap!L2*$C$4+crises_vs_mcap!M2*$C$5+crises_vs_mcap!N2*$C$6+crises_vs_mcap!O2*$C$7) -> 0 | H26: =SUM(crises_vs_mcap!P2*$C$2+crises_vs_mcap!Q2*$C$3+crises_vs_mcap!R2*$C$4+crises_vs_mcap!S2*$C$5+crises_vs_mcap!T2*$C$6+crises_vs_mcap!U2*$C$7) -> 0 | I26: =SUM(crises_vs_mcap!AB2*$C$2+crises_vs_mcap!AC2*$C$3+crises_vs_mcap!AD2*$C$4+crises_vs_mcap!AE2*$C$5+crises_vs_mcap!AF2*$C$6+crises_vs_mcap!AG2*$C$7) -> 0 | J26: =(N(crises_vs_mcap!AH2)*$C$2+N(crises_vs_mcap!AI2)*$C$3+N(crises_vs_mcap!AJ2)*$C$4+N(crises_vs_mcap!AK2)*$C$5+N(crises_vs_mcap!AL2)*$C$6+N(crises_vs_mcap!AM2)*$C$7)/(ISNUMBER(crises_vs_mcap!AH2)*$C$2+ISNUMBER(crises_vs_mcap!AI2)*$C$3+ISNUMBER(crises_vs_mcap!AJ2)*$C$4+ISNUMBER(crises_vs_mcap!AK2)*$C$5+ISNUMBER(crises_vs_mcap!AL2)*$C$6+ISNUMBER(crises_vs_mcap!AM2)*$C$7) -> 0 | K26: =SUM(crises_vs_mcap!AZ2*$C$2+crises_vs_mcap!BA2*$C$3+crises_vs_mcap!BB2*$C$4+crises_vs_mcap!BC2*$C$5+crises_vs_mcap!BD2*$C$6+crises_vs_mcap!BE2*$B$7) -> 0 | L26: =SUM(crises_vs_mcap!BL2*$C$2+crises_vs_mcap!BM2*$C$3+crises_vs_mcap!BN2*$C$4+crises_vs_mcap!BO2*$C$5+crises_vs_mcap!BP2*$C$6+crises_vs_mcap!BQ2*$C$7) -> 0 | M26: =SUM(crises_vs_mcap!BR2*$C$2+crises_vs_mcap!BS2*$C$3+crises_vs_mcap!BT2*$C$4+crises_vs_mcap!BU2*$C$5+crises_vs_mcap!BV2*$C$6+crises_vs_mcap!BW2*$C$7) -> 0 | N26: =SUM(crises_vs_mcap!BX2*$C$2+crises_vs_mcap!BY2*$C$3+crises_vs_mcap!BZ2*$C$4+crises_vs_mcap!CA2*$C$5+crises_vs_mcap!CB2*$C$6+crises_vs_mcap!CC2*$C$7) -> 0 | O26: =SUM(crises_vs_mcap!CD2*$C$2+crises_vs_mcap!CE2*$C$3+crises_vs_mcap!CF2*$C$4+crises_vs_mcap!CG2*$C$5+crises_vs_mcap!CH2*$C$6+crises_vs_mcap!CI2*$C$7) -> 0 | P26: =SUM(crises_vs_mcap!CJ2*$C$2+crises_vs_mcap!CK2*$C$3+crises_vs_mcap!CL2*$C$4+crises_vs_mcap!CM2*$C$5+crises_vs_mcap!CN2*$C$6+crises_vs_mcap!CO2*$C$7) -> 0 | Q26: =(N(crises_vs_mcap!CP2)*$C$2+N(crises_vs_mcap!CQ2)*$C$3+N(crises_vs_mcap!CR2)*$C$4+N(crises_vs_mcap!CS2)*$C$5+N(crises_vs_mcap!CT2)*$C$6+N(crises_vs_mcap!CU2)*$C$7)/(ISNUMBER(crises_vs_mcap!CP2)*$C$2+ISNUMBER(crises_vs_mcap!CQ2)*$C$3+ISNUMBER(crises_vs_mcap!CR2)*$C$4+ISNUMBER(crises_vs_mcap!CS2)*$C$5+ISNUMBER(crises_vs_mcap!CT2)*$C$6+ISNUMBER(crises_vs_mcap!CU2)*$C$7) -> 0 | R26: =SUM(crises_vs_mcap!CV2*$C$2+crises_vs_mcap!CW2*$C$3+crises_vs_mcap!CX2*$C$4+crises_vs_mcap!CY2*$C$5+crises_vs_mcap!CZ2*$C$6+crises_vs_mcap!DA2*$C$7) -> 0
A27: equal_weight | B27: equal_t_10 | C27: monthly | D27: baseline | E27: none | F27: equal_t_10 | G27: =SUM(crises_vs_mcap!J3*$C$2+crises_vs_mcap!K3*$C$3+crises_vs_mcap!L3*$C$4+crises_vs_mcap!M3*$C$5+crises_vs_mcap!N3*$C$6+crises_vs_mcap!O3*$C$7) -> 0.042692106 | H27: =SUM(crises_vs_mcap!P3*$C$2+crises_vs_mcap!Q3*$C$3+crises_vs_mcap!R3*$C$4+crises_vs_mcap!S3*$C$5+crises_vs_mcap!T3*$C$6+crises_vs_mcap!U3*$C$7) -> 0.015989393 | I27: =SUM(crises_vs_mcap!AB3*$C$2+crises_vs_mcap!AC3*$C$3+crises_vs_mcap!AD3*$C$4+crises_vs_mcap!AE3*$C$5+crises_vs_mcap!AF3*$C$6+crises_vs_mcap!AG3*$C$7) -> 0.020072673 | J27: =(N(crises_vs_mcap!AH3)*$C$2+N(crises_vs_mcap!AI3)*$C$3+N(crises_vs_mcap!AJ3)*$C$4+N(crises_vs_mcap!AK3)*$C$5+N(crises_vs_mcap!AL3)*$C$6+N(crises_vs_mcap!AM3)*$C$7)/(ISNUMBER(crises_vs_mcap!AH3)*$C$2+ISNUMBER(crises_vs_mcap!AI3)*$C$3+ISNUMBER(crises_vs_mcap!AJ3)*$C$4+ISNUMBER(crises_vs_mcap!AK3)*$C$5+ISNUMBER(crises_vs_mcap!AL3)*$C$6+ISNUMBER(crises_vs_mcap!AM3)*$C$7) -> 42.221373 | K27: =SUM(crises_vs_mcap!AZ3*$C$2+crises_vs_mcap!BA3*$C$3+crises_vs_mcap!BB3*$C$4+crises_vs_mcap!BC3*$C$5+crises_vs_mcap!BD3*$C$6+crises_vs_mcap!BE3*$B$7) -> -0.027414331 | L27: =SUM(crises_vs_mcap!BL3*$C$2+crises_vs_mcap!BM3*$C$3+crises_vs_mcap!BN3*$C$4+crises_vs_mcap!BO3*$C$5+crises_vs_mcap!BP3*$C$6+crises_vs_mcap!BQ3*$C$7) -> 0.025335285 | M27: =SUM(crises_vs_mcap!BR3*$C$2+crises_vs_mcap!BS3*$C$3+crises_vs_mcap!BT3*$C$4+crises_vs_mcap!BU3*$C$5+crises_vs_mcap!BV3*$C$6+crises_vs_mcap!BW3*$C$7) -> 0.01422744 | N27: =SUM(crises_vs_mcap!BX3*$C$2+crises_vs_mcap!BY3*$C$3+crises_vs_mcap!BZ3*$C$4+crises_vs_mcap!CA3*$C$5+crises_vs_mcap!CB3*$C$6+crises_vs_mcap!CC3*$C$7) -> -7.2326 | O27: =SUM(crises_vs_mcap!CD3*$C$2+crises_vs_mcap!CE3*$C$3+crises_vs_mcap!CF3*$C$4+crises_vs_mcap!CG3*$C$5+crises_vs_mcap!CH3*$C$6+crises_vs_mcap!CI3*$C$7) -> 0.017744519 | P27: =SUM(crises_vs_mcap!CJ3*$C$2+crises_vs_mcap!CK3*$C$3+crises_vs_mcap!CL3*$C$4+crises_vs_mcap!CM3*$C$5+crises_vs_mcap!CN3*$C$6+crises_vs_mcap!CO3*$C$7) -> -0.003133205 | Q27: =(N(crises_vs_mcap!CP3)*$C$2+N(crises_vs_mcap!CQ3)*$C$3+N(crises_vs_mcap!CR3)*$C$4+N(crises_vs_mcap!CS3)*$C$5+N(crises_vs_mcap!CT3)*$C$6+N(crises_vs_mcap!CU3)*$C$7)/(ISNUMBER(crises_vs_mcap!CP3)*$C$2+ISNUMBER(crises_vs_mcap!CQ3)*$C$3+ISNUMBER(crises_vs_mcap!CR3)*$C$4+ISNUMBER(crises_vs_mcap!CS3)*$C$5+ISNUMBER(crises_vs_mcap!CT3)*$C$6+ISNUMBER(crises_vs_mcap!CU3)*$C$7) -> 51.751746 | R27: =SUM(crises_vs_mcap!CV3*$C$2+crises_vs_mcap!CW3*$C$3+crises_vs_mcap!CX3*$C$4+crises_vs_mcap!CY3*$C$5+crises_vs_mcap!CZ3*$C$6+crises_vs_mcap!DA3*$C$7) -> -0.030365979
A28: mvo | B28: mvo_t_10_lw | C28: monthly | D28: baseline | E28: none | F28: mvo_t_10_lw | G28: =SUM(crises_vs_mcap!J4*$C$2+crises_vs_mcap!K4*$C$3+crises_vs_mcap!L4*$C$4+crises_vs_mcap!M4*$C$5+crises_vs_mcap!N4*$C$6+crises_vs_mcap!O4*$C$7) -> 0.029232965 | H28: =SUM(crises_vs_mcap!P4*$C$2+crises_vs_mcap!Q4*$C$3+crises_vs_mcap!R4*$C$4+crises_vs_mcap!S4*$C$5+crises_vs_mcap!T4*$C$6+crises_vs_mcap!U4*$C$7) -> 0.0068491679 | I28: =SUM(crises_vs_mcap!AB4*$C$2+crises_vs_mcap!AC4*$C$3+crises_vs_mcap!AD4*$C$4+crises_vs_mcap!AE4*$C$5+crises_vs_mcap!AF4*$C$6+crises_vs_mcap!AG4*$C$7) -> 0.0096963522 | J28: =(N(crises_vs_mcap!AH4)*$C$2+N(crises_vs_mcap!AI4)*$C$3+N(crises_vs_mcap!AJ4)*$C$4+N(crises_vs_mcap!AK4)*$C$5+N(crises_vs_mcap!AL4)*$C$6+N(crises_vs_mcap!AM4)*$C$7)/(ISNUMBER(crises_vs_mcap!AH4)*$C$2+ISNUMBER(crises_vs_mcap!AI4)*$C$3+ISNUMBER(crises_vs_mcap!AJ4)*$C$4+ISNUMBER(crises_vs_mcap!AK4)*$C$5+ISNUMBER(crises_vs_mcap!AL4)*$C$6+ISNUMBER(crises_vs_mcap!AM4)*$C$7) -> -144.34181 | K28: =SUM(crises_vs_mcap!AZ4*$C$2+crises_vs_mcap!BA4*$C$3+crises_vs_mcap!BB4*$C$4+crises_vs_mcap!BC4*$C$5+crises_vs_mcap!BD4*$C$6+crises_vs_mcap!BE4*$B$7) -> 0.0026449416 | L28: =SUM(crises_vs_mcap!BL4*$C$2+crises_vs_mcap!BM4*$C$3+crises_vs_mcap!BN4*$C$4+crises_vs_mcap!BO4*$C$5+crises_vs_mcap!BP4*$C$6+crises_vs_mcap!BQ4*$C$7) -> 0.016675301 | M28: =SUM(crises_vs_mcap!BR4*$C$2+crises_vs_mcap!BS4*$C$3+crises_vs_mcap!BT4*$C$4+crises_vs_mcap!BU4*$C$5+crises_vs_mcap!BV4*$C$6+crises_vs_mcap!BW4*$C$7) -> 0.0055623667 | N28: =SUM(crises_vs_mcap!BX4*$C$2+crises_vs_mcap!BY4*$C$3+crises_vs_mcap!BZ4*$C$4+crises_vs_mcap!CA4*$C$5+crises_vs_mcap!CB4*$C$6+crises_vs_mcap!CC4*$C$7) -> -0.1854 | O28: =SUM(crises_vs_mcap!CD4*$C$2+crises_vs_mcap!CE4*$C$3+crises_vs_mcap!CF4*$C$4+crises_vs_mcap!CG4*$C$5+crises_vs_mcap!CH4*$C$6+crises_vs_mcap!CI4*$C$7) -> 0.011741386 | P28: =SUM(crises_vs_mcap!CJ4*$C$2+crises_vs_mcap!CK4*$C$3+crises_vs_mcap!CL4*$C$4+crises_vs_mcap!CM4*$C$5+crises_vs_mcap!CN4*$C$6+crises_vs_mcap!CO4*$C$7) -> 0.0095953269 | Q28: =(N(crises_vs_mcap!CP4)*$C$2+N(crises_vs_mcap!CQ4)*$C$3+N(crises_vs_mcap!CR4)*$C$4+N(crises_vs_mcap!CS4)*$C$5+N(crises_vs_mcap!CT4)*$C$6+N(crises_vs_mcap!CU4)*$C$7)/(ISNUMBER(crises_vs_mcap!CP4)*$C$2+ISNUMBER(crises_vs_mcap!CQ4)*$C$3+ISNUMBER(crises_vs_mcap!CR4)*$C$4+ISNUMBER(crises_vs_mcap!CS4)*$C$5+ISNUMBER(crises_vs_mcap!CT4)*$C$6+ISNUMBER(crises_vs_mcap!CU4)*$C$7) -> -144.09751 | R28: =SUM(crises_vs_mcap!CV4*$C$2+crises_vs_mcap!CW4*$C$3+crises_vs_mcap!CX4*$C$4+crises_vs_mcap!CY4*$C$5+crises_vs_mcap!CZ4*$C$6+crises_vs_mcap!DA4*$C$7) -> -0.021460093
A29: hrp | B29: hrp_t_10_lw_ward | C29: monthly | D29: baseline | E29: none | F29: hrp_t_10_lw_ward | G29: =SUM(crises_vs_mcap!J5*$C$2+crises_vs_mcap!K5*$C$3+crises_vs_mcap!L5*$C$4+crises_vs_mcap!M5*$C$5+crises_vs_mcap!N5*$C$6+crises_vs_mcap!O5*$C$7) -> 0.13876743 | H29: =SUM(crises_vs_mcap!P5*$C$2+crises_vs_mcap!Q5*$C$3+crises_vs_mcap!R5*$C$4+crises_vs_mcap!S5*$C$5+crises_vs_mcap!T5*$C$6+crises_vs_mcap!U5*$C$7) -> 0.069947225 | I29: =SUM(crises_vs_mcap!AB5*$C$2+crises_vs_mcap!AC5*$C$3+crises_vs_mcap!AD5*$C$4+crises_vs_mcap!AE5*$C$5+crises_vs_mcap!AF5*$C$6+crises_vs_mcap!AG5*$C$7) -> 0.079031464 | J29: =(N(crises_vs_mcap!AH5)*$C$2+N(crises_vs_mcap!AI5)*$C$3+N(crises_vs_mcap!AJ5)*$C$4+N(crises_vs_mcap!AK5)*$C$5+N(crises_vs_mcap!AL5)*$C$6+N(crises_vs_mcap!AM5)*$C$7)/(ISNUMBER(crises_vs_mcap!AH5)*$C$2+ISNUMBER(crises_vs_mcap!AI5)*$C$3+ISNUMBER(crises_vs_mcap!AJ5)*$C$4+ISNUMBER(crises_vs_mcap!AK5)*$C$5+ISNUMBER(crises_vs_mcap!AL5)*$C$6+ISNUMBER(crises_vs_mcap!AM5)*$C$7) -> -53.347608 | K29: =SUM(crises_vs_mcap!AZ5*$C$2+crises_vs_mcap!BA5*$C$3+crises_vs_mcap!BB5*$C$4+crises_vs_mcap!BC5*$C$5+crises_vs_mcap!BD5*$C$6+crises_vs_mcap!BE5*$B$7) -> -0.058826081 | L29: =SUM(crises_vs_mcap!BL5*$C$2+crises_vs_mcap!BM5*$C$3+crises_vs_mcap!BN5*$C$4+crises_vs_mcap!BO5*$C$5+crises_vs_mcap!BP5*$C$6+crises_vs_mcap!BQ5*$C$7) -> 0.1480276 | M29: =SUM(crises_vs_mcap!BR5*$C$2+crises_vs_mcap!BS5*$C$3+crises_vs_mcap!BT5*$C$4+crises_vs_mcap!BU5*$C$5+crises_vs_mcap!BV5*$C$6+crises_vs_mcap!BW5*$C$7) -> 0.068185272 | N29: =SUM(crises_vs_mcap!BX5*$C$2+crises_vs_mcap!BY5*$C$3+crises_vs_mcap!BZ5*$C$4+crises_vs_mcap!CA5*$C$5+crises_vs_mcap!CB5*$C$6+crises_vs_mcap!CC5*$C$7) -> -7.2326 | O29: =SUM(crises_vs_mcap!CD5*$C$2+crises_vs_mcap!CE5*$C$3+crises_vs_mcap!CF5*$C$4+crises_vs_mcap!CG5*$C$5+crises_vs_mcap!CH5*$C$6+crises_vs_mcap!CI5*$C$7) -> -0.012074265 | P29: =SUM(crises_vs_mcap!CJ5*$C$2+crises_vs_mcap!CK5*$C$3+crises_vs_mcap!CL5*$C$4+crises_vs_mcap!CM5*$C$5+crises_vs_mcap!CN5*$C$6+crises_vs_mcap!CO5*$C$7) -> 0.016532668 | Q29: =(N(crises_vs_mcap!CP5)*$C$2+N(crises_vs_mcap!CQ5)*$C$3+N(crises_vs_mcap!CR5)*$C$4+N(crises_vs_mcap!CS5)*$C$5+N(crises_vs_mcap!CT5)*$C$6+N(crises_vs_mcap!CU5)*$C$7)/(ISNUMBER(crises_vs_mcap!CP5)*$C$2+ISNUMBER(crises_vs_mcap!CQ5)*$C$3+ISNUMBER(crises_vs_mcap!CR5)*$C$4+ISNUMBER(crises_vs_mcap!CS5)*$C$5+ISNUMBER(crises_vs_mcap!CT5)*$C$6+ISNUMBER(crises_vs_mcap!CU5)*$C$7) -> -43.817235 | R29: =SUM(crises_vs_mcap!CV5*$C$2+crises_vs_mcap!CW5*$C$3+crises_vs_mcap!CX5*$C$4+crises_vs_mcap!CY5*$C$5+crises_vs_mcap!CZ5*$C$6+crises_vs_mcap!DA5*$C$7) -> -0.20882591
A30: xgb | B30: xgb_t_10_holdout | C30: monthly | D30: baseline | E30: none | F30: xgb_t_10_holdout | G30: =SUM(crises_vs_mcap!J6*$C$2+crises_vs_mcap!K6*$C$3+crises_vs_mcap!L6*$C$4+crises_vs_mcap!M6*$C$5+crises_vs_mcap!N6*$C$6+crises_vs_mcap!O6*$C$7) -> 0.041469451 | H30: =SUM(crises_vs_mcap!P6*$C$2+crises_vs_mcap!Q6*$C$3+crises_vs_mcap!R6*$C$4+crises_vs_mcap!S6*$C$5+crises_vs_mcap!T6*$C$6+crises_vs_mcap!U6*$C$7) -> -0.0074922429 | I30: =SUM(crises_vs_mcap!AB6*$C$2+crises_vs_mcap!AC6*$C$3+crises_vs_mcap!AD6*$C$4+crises_vs_mcap!AE6*$C$5+crises_vs_mcap!AF6*$C$6+crises_vs_mcap!AG6*$C$7) -> -0.0042729429 | J30: =(N(crises_vs_mcap!AH6)*$C$2+N(crises_vs_mcap!AI6)*$C$3+N(crises_vs_mcap!AJ6)*$C$4+N(crises_vs_mcap!AK6)*$C$5+N(crises_vs_mcap!AL6)*$C$6+N(crises_vs_mcap!AM6)*$C$7)/(ISNUMBER(crises_vs_mcap!AH6)*$C$2+ISNUMBER(crises_vs_mcap!AI6)*$C$3+ISNUMBER(crises_vs_mcap!AJ6)*$C$4+ISNUMBER(crises_vs_mcap!AK6)*$C$5+ISNUMBER(crises_vs_mcap!AL6)*$C$6+ISNUMBER(crises_vs_mcap!AM6)*$C$7) -> 58.082751 | K30: =SUM(crises_vs_mcap!AZ6*$C$2+crises_vs_mcap!BA6*$C$3+crises_vs_mcap!BB6*$C$4+crises_vs_mcap!BC6*$C$5+crises_vs_mcap!BD6*$C$6+crises_vs_mcap!BE6*$B$7) -> -0.020422222 | L30: =SUM(crises_vs_mcap!BL6*$C$2+crises_vs_mcap!BM6*$C$3+crises_vs_mcap!BN6*$C$4+crises_vs_mcap!BO6*$C$5+crises_vs_mcap!BP6*$C$6+crises_vs_mcap!BQ6*$C$7) -> -0.020118102 | M30: =SUM(crises_vs_mcap!BR6*$C$2+crises_vs_mcap!BS6*$C$3+crises_vs_mcap!BT6*$C$4+crises_vs_mcap!BU6*$C$5+crises_vs_mcap!BV6*$C$6+crises_vs_mcap!BW6*$C$7) -> -0.0092019189 | N30: =SUM(crises_vs_mcap!BX6*$C$2+crises_vs_mcap!BY6*$C$3+crises_vs_mcap!BZ6*$C$4+crises_vs_mcap!CA6*$C$5+crises_vs_mcap!CB6*$C$6+crises_vs_mcap!CC6*$C$7) -> 5.715 | O30: =SUM(crises_vs_mcap!CD6*$C$2+crises_vs_mcap!CE6*$C$3+crises_vs_mcap!CF6*$C$4+crises_vs_mcap!CG6*$C$5+crises_vs_mcap!CH6*$C$6+crises_vs_mcap!CI6*$C$7) -> 0.068987253 | P30: =SUM(crises_vs_mcap!CJ6*$C$2+crises_vs_mcap!CK6*$C$3+crises_vs_mcap!CL6*$C$4+crises_vs_mcap!CM6*$C$5+crises_vs_mcap!CN6*$C$6+crises_vs_mcap!CO6*$C$7) -> -0.019147665 | Q30: =(N(crises_vs_mcap!CP6)*$C$2+N(crises_vs_mcap!CQ6)*$C$3+N(crises_vs_mcap!CR6)*$C$4+N(crises_vs_mcap!CS6)*$C$5+N(crises_vs_mcap!CT6)*$C$6+N(crises_vs_mcap!CU6)*$C$7)/(ISNUMBER(crises_vs_mcap!CP6)*$C$2+ISNUMBER(crises_vs_mcap!CQ6)*$C$3+ISNUMBER(crises_vs_mcap!CR6)*$C$4+ISNUMBER(crises_vs_mcap!CS6)*$C$5+ISNUMBER(crises_vs_mcap!CT6)*$C$6+ISNUMBER(crises_vs_mcap!CU6)*$C$7) -> 68.018184 | R30: =SUM(crises_vs_mcap!CV6*$C$2+crises_vs_mcap!CW6*$C$3+crises_vs_mcap!CX6*$C$4+crises_vs_mcap!CY6*$C$5+crises_vs_mcap!CZ6*$C$6+crises_vs_mcap!DA6*$C$7) -> 0.0819113
A31: rf | B31: rf_t_10_holdout | C31: monthly | D31: baseline | E31: none | F31: rf_t_10_holdout | G31: =SUM(crises_vs_mcap!J7*$C$2+crises_vs_mcap!K7*$C$3+crises_vs_mcap!L7*$C$4+crises_vs_mcap!M7*$C$5+crises_vs_mcap!N7*$C$6+crises_vs_mcap!O7*$C$7) -> 0.043651542 | H31: =SUM(crises_vs_mcap!P7*$C$2+crises_vs_mcap!Q7*$C$3+crises_vs_mcap!R7*$C$4+crises_vs_mcap!S7*$C$5+crises_vs_mcap!T7*$C$6+crises_vs_mcap!U7*$C$7) -> -0.012838134 | I31: =SUM(crises_vs_mcap!AB7*$C$2+crises_vs_mcap!AC7*$C$3+crises_vs_mcap!AD7*$C$4+crises_vs_mcap!AE7*$C$5+crises_vs_mcap!AF7*$C$6+crises_vs_mcap!AG7*$C$7) -> -0.0087925175 | J31: =(N(crises_vs_mcap!AH7)*$C$2+N(crises_vs_mcap!AI7)*$C$3+N(crises_vs_mcap!AJ7)*$C$4+N(crises_vs_mcap!AK7)*$C$5+N(crises_vs_mcap!AL7)*$C$6+N(crises_vs_mcap!AM7)*$C$7)/(ISNUMBER(crises_vs_mcap!AH7)*$C$2+ISNUMBER(crises_vs_mcap!AI7)*$C$3+ISNUMBER(crises_vs_mcap!AJ7)*$C$4+ISNUMBER(crises_vs_mcap!AK7)*$C$5+ISNUMBER(crises_vs_mcap!AL7)*$C$6+ISNUMBER(crises_vs_mcap!AM7)*$C$7) -> 79.761365 | K31: =SUM(crises_vs_mcap!AZ7*$C$2+crises_vs_mcap!BA7*$C$3+crises_vs_mcap!BB7*$C$4+crises_vs_mcap!BC7*$C$5+crises_vs_mcap!BD7*$C$6+crises_vs_mcap!BE7*$B$7) -> -0.01589831 | L31: =SUM(crises_vs_mcap!BL7*$C$2+crises_vs_mcap!BM7*$C$3+crises_vs_mcap!BN7*$C$4+crises_vs_mcap!BO7*$C$5+crises_vs_mcap!BP7*$C$6+crises_vs_mcap!BQ7*$C$7) -> -0.025202137 | M31: =SUM(crises_vs_mcap!BR7*$C$2+crises_vs_mcap!BS7*$C$3+crises_vs_mcap!BT7*$C$4+crises_vs_mcap!BU7*$C$5+crises_vs_mcap!BV7*$C$6+crises_vs_mcap!BW7*$C$7) -> -0.014485031 | N31: =SUM(crises_vs_mcap!BX7*$C$2+crises_vs_mcap!BY7*$C$3+crises_vs_mcap!BZ7*$C$4+crises_vs_mcap!CA7*$C$5+crises_vs_mcap!CB7*$C$6+crises_vs_mcap!CC7*$C$7) -> 5.715 | O31: =SUM(crises_vs_mcap!CD7*$C$2+crises_vs_mcap!CE7*$C$3+crises_vs_mcap!CF7*$C$4+crises_vs_mcap!CG7*$C$5+crises_vs_mcap!CH7*$C$6+crises_vs_mcap!CI7*$C$7) -> 0.070482728 | P31: =SUM(crises_vs_mcap!CJ7*$C$2+crises_vs_mcap!CK7*$C$3+crises_vs_mcap!CL7*$C$4+crises_vs_mcap!CM7*$C$5+crises_vs_mcap!CN7*$C$6+crises_vs_mcap!CO7*$C$7) -> -0.020228077 | Q31: =(N(crises_vs_mcap!CP7)*$C$2+N(crises_vs_mcap!CQ7)*$C$3+N(crises_vs_mcap!CR7)*$C$4+N(crises_vs_mcap!CS7)*$C$5+N(crises_vs_mcap!CT7)*$C$6+N(crises_vs_mcap!CU7)*$C$7)/(ISNUMBER(crises_vs_mcap!CP7)*$C$2+ISNUMBER(crises_vs_mcap!CQ7)*$C$3+ISNUMBER(crises_vs_mcap!CR7)*$C$4+ISNUMBER(crises_vs_mcap!CS7)*$C$5+ISNUMBER(crises_vs_mcap!CT7)*$C$6+ISNUMBER(crises_vs_mcap!CU7)*$C$7) -> 89.696798 | R31: =SUM(crises_vs_mcap!CV7*$C$2+crises_vs_mcap!CW7*$C$3+crises_vs_mcap!CX7*$C$4+crises_vs_mcap!CY7*$C$5+crises_vs_mcap!CZ7*$C$6+crises_vs_mcap!DA7*$C$7) -> 0.085267952
A32: lstm | B32: lstm_t_10_holdout_rank | C32: monthly | D32: baseline | E32: none | F32: lstm_t_10_holdout_rank | G32: =SUM(crises_vs_mcap!J8*$C$2+crises_vs_mcap!K8*$C$3+crises_vs_mcap!L8*$C$4+crises_vs_mcap!M8*$C$5+crises_vs_mcap!N8*$C$6+crises_vs_mcap!O8*$C$7) -> 0.050647037 | H32: =SUM(crises_vs_mcap!P8*$C$2+crises_vs_mcap!Q8*$C$3+crises_vs_mcap!R8*$C$4+crises_vs_mcap!S8*$C$5+crises_vs_mcap!T8*$C$6+crises_vs_mcap!U8*$C$7) -> -0.01332849 | I32: =SUM(crises_vs_mcap!AB8*$C$2+crises_vs_mcap!AC8*$C$3+crises_vs_mcap!AD8*$C$4+crises_vs_mcap!AE8*$C$5+crises_vs_mcap!AF8*$C$6+crises_vs_mcap!AG8*$C$7) -> -0.0082967802 | J32: =(N(crises_vs_mcap!AH8)*$C$2+N(crises_vs_mcap!AI8)*$C$3+N(crises_vs_mcap!AJ8)*$C$4+N(crises_vs_mcap!AK8)*$C$5+N(crises_vs_mcap!AL8)*$C$6+N(crises_vs_mcap!AM8)*$C$7)/(ISNUMBER(crises_vs_mcap!AH8)*$C$2+ISNUMBER(crises_vs_mcap!AI8)*$C$3+ISNUMBER(crises_vs_mcap!AJ8)*$C$4+ISNUMBER(crises_vs_mcap!AK8)*$C$5+ISNUMBER(crises_vs_mcap!AL8)*$C$6+ISNUMBER(crises_vs_mcap!AM8)*$C$7) -> 77.768481 | K32: =SUM(crises_vs_mcap!AZ8*$C$2+crises_vs_mcap!BA8*$C$3+crises_vs_mcap!BB8*$C$4+crises_vs_mcap!BC8*$C$5+crises_vs_mcap!BD8*$C$6+crises_vs_mcap!BE8*$B$7) -> -0.014076607 | L32: =SUM(crises_vs_mcap!BL8*$C$2+crises_vs_mcap!BM8*$C$3+crises_vs_mcap!BN8*$C$4+crises_vs_mcap!BO8*$C$5+crises_vs_mcap!BP8*$C$6+crises_vs_mcap!BQ8*$C$7) -> -0.029424819 | M32: =SUM(crises_vs_mcap!BR8*$C$2+crises_vs_mcap!BS8*$C$3+crises_vs_mcap!BT8*$C$4+crises_vs_mcap!BU8*$C$5+crises_vs_mcap!BV8*$C$6+crises_vs_mcap!BW8*$C$7) -> -0.014594371 | N32: =SUM(crises_vs_mcap!BX8*$C$2+crises_vs_mcap!BY8*$C$3+crises_vs_mcap!BZ8*$C$4+crises_vs_mcap!CA8*$C$5+crises_vs_mcap!CB8*$C$6+crises_vs_mcap!CC8*$C$7) -> 7.4608 | O32: =SUM(crises_vs_mcap!CD8*$C$2+crises_vs_mcap!CE8*$C$3+crises_vs_mcap!CF8*$C$4+crises_vs_mcap!CG8*$C$5+crises_vs_mcap!CH8*$C$6+crises_vs_mcap!CI8*$C$7) -> 0.081900476 | P32: =SUM(crises_vs_mcap!CJ8*$C$2+crises_vs_mcap!CK8*$C$3+crises_vs_mcap!CL8*$C$4+crises_vs_mcap!CM8*$C$5+crises_vs_mcap!CN8*$C$6+crises_vs_mcap!CO8*$C$7) -> -0.020787331 | Q32: =(N(crises_vs_mcap!CP8)*$C$2+N(crises_vs_mcap!CQ8)*$C$3+N(crises_vs_mcap!CR8)*$C$4+N(crises_vs_mcap!CS8)*$C$5+N(crises_vs_mcap!CT8)*$C$6+N(crises_vs_mcap!CU8)*$C$7)/(ISNUMBER(crises_vs_mcap!CP8)*$C$2+ISNUMBER(crises_vs_mcap!CQ8)*$C$3+ISNUMBER(crises_vs_mcap!CR8)*$C$4+ISNUMBER(crises_vs_mcap!CS8)*$C$5+ISNUMBER(crises_vs_mcap!CT8)*$C$6+ISNUMBER(crises_vs_mcap!CU8)*$C$7) -> 85.403479 | R32: =SUM(crises_vs_mcap!CV8*$C$2+crises_vs_mcap!CW8*$C$3+crises_vs_mcap!CX8*$C$4+crises_vs_mcap!CY8*$C$5+crises_vs_mcap!CZ8*$C$6+crises_vs_mcap!DA8*$C$7) -> 0.094958364
A34: Duration Weighted Crises
A35: model | B35: run | C35: frequency | D35: role | E35: detector | F35: base_run | G35: dur_crisis_exc_ret_full_fix | H35: dur_crisis_exc_dd_full_fix | I35: dur_crisis_exc_dd_full_flex | J35: dur_crisis_exc_days_full_flex | K35: dur_crisis_exc_ulcer_full_flex | L35: dur_crisis_exc_ret_ptt_fix | M35: dur_crisis_exc_dd_ptt_fix | N35: dur_crisis_exc_days_ptt_flex | O35: dur_crisis_exc_ret_ttp_fix | P35: dur_crisis_exc_dd_ttp_fix | Q35: dur_crisis_exc_days_ttp_flex | R35: dur_exc_crisis_ret_to_even_ttp_flex
A36: market_cap | B36: mcap_t_10 | C36: monthly | D36: benchmark | E36: none | G36: =SUM(crises_vs_mcap!J2*$D$2+crises_vs_mcap!K2*$D$3+crises_vs_mcap!L2*$D$4+crises_vs_mcap!M2*$D$5+crises_vs_mcap!N2*$D$6+crises_vs_mcap!O2*$D$7) -> 0 | H36: =SUM(crises_vs_mcap!P2*$D$2+crises_vs_mcap!Q2*$D$3+crises_vs_mcap!R2*$D$4+crises_vs_mcap!S2*$D$5+crises_vs_mcap!T2*$D$6+crises_vs_mcap!U2*$D$7) -> 0 | I36: =SUM(crises_vs_mcap!AB2*$D$2+crises_vs_mcap!AC2*$D$3+crises_vs_mcap!AD2*$D$4+crises_vs_mcap!AE2*$D$5+crises_vs_mcap!AF2*$D$6+crises_vs_mcap!AG2*$D$7) -> 0 | J36: =(N(crises_vs_mcap!AH2)*$D$2+N(crises_vs_mcap!AI2)*$D$3+N(crises_vs_mcap!AJ2)*$D$4+N(crises_vs_mcap!AK2)*$D$5+N(crises_vs_mcap!AL2)*$D$6+N(crises_vs_mcap!AM2)*$D$7)/(ISNUMBER(crises_vs_mcap!AH2)*$D$2+ISNUMBER(crises_vs_mcap!AI2)*$D$3+ISNUMBER(crises_vs_mcap!AJ2)*$D$4+ISNUMBER(crises_vs_mcap!AK2)*$D$5+ISNUMBER(crises_vs_mcap!AL2)*$D$6+ISNUMBER(crises_vs_mcap!AM2)*$D$7) -> 0 | K36: =SUM(crises_vs_mcap!AZ2*$D$2+crises_vs_mcap!BA2*$D$3+crises_vs_mcap!BB2*$D$4+crises_vs_mcap!BC2*$D$5+crises_vs_mcap!BD2*$D$6+crises_vs_mcap!BE2*$D$7) -> 0 | L36: =SUM(crises_vs_mcap!BL2*$D$2+crises_vs_mcap!BM2*$D$3+crises_vs_mcap!BN2*$D$4+crises_vs_mcap!BO2*$D$5+crises_vs_mcap!BP2*$D$6+crises_vs_mcap!BQ2*$D$7) -> 0 | M36: =SUM(crises_vs_mcap!BR2*$D$2+crises_vs_mcap!BS2*$D$3+crises_vs_mcap!BT2*$D$4+crises_vs_mcap!BU2*$D$5+crises_vs_mcap!BV2*$D$6+crises_vs_mcap!BW2*$D$7) -> 0 | N36: =SUM(crises_vs_mcap!BX2*$D$2+crises_vs_mcap!BY2*$D$3+crises_vs_mcap!BZ2*$D$4+crises_vs_mcap!CA2*$D$5+crises_vs_mcap!CB2*$D$6+crises_vs_mcap!CC2*$D$7) -> 0 | O36: =SUM(crises_vs_mcap!CD2*$D$2+crises_vs_mcap!CE2*$D$3+crises_vs_mcap!CF2*$D$4+crises_vs_mcap!CG2*$D$5+crises_vs_mcap!CH2*$D$6+crises_vs_mcap!CI2*$D$7) -> 0 | P36: =SUM(crises_vs_mcap!CJ2*$D$2+crises_vs_mcap!CK2*$D$3+crises_vs_mcap!CL2*$D$4+crises_vs_mcap!CM2*$D$5+crises_vs_mcap!CN2*$D$6+crises_vs_mcap!CO2*$D$7) -> 0 | Q36: =(N(crises_vs_mcap!CP2)*$D$2+N(crises_vs_mcap!CQ2)*$D$3+N(crises_vs_mcap!CR2)*$D$4+N(crises_vs_mcap!CS2)*$D$5+N(crises_vs_mcap!CT2)*$D$6+N(crises_vs_mcap!CU2)*$D$7)/(ISNUMBER(crises_vs_mcap!CP2)*$D$2+ISNUMBER(crises_vs_mcap!CQ2)*$D$3+ISNUMBER(crises_vs_mcap!CR2)*$D$4+ISNUMBER(crises_vs_mcap!CS2)*$D$5+ISNUMBER(crises_vs_mcap!CT2)*$D$6+ISNUMBER(crises_vs_mcap!CU2)*$D$7) -> 0 | R36: =SUM(crises_vs_mcap!CV2*$D$2+crises_vs_mcap!CW2*$D$3+crises_vs_mcap!CX2*$D$4+crises_vs_mcap!CY2*$D$5+crises_vs_mcap!CZ2*$D$6+crises_vs_mcap!DA2*$D$7) -> 0
A37: equal_weight | B37: equal_t_10 | C37: monthly | D37: baseline | E37: none | F37: equal_t_10 | G37: =SUM(crises_vs_mcap!J3*$D$2+crises_vs_mcap!K3*$D$3+crises_vs_mcap!L3*$D$4+crises_vs_mcap!M3*$D$5+crises_vs_mcap!N3*$D$6+crises_vs_mcap!O3*$D$7) -> 0.1191734 | H37: =SUM(crises_vs_mcap!P3*$D$2+crises_vs_mcap!Q3*$D$3+crises_vs_mcap!R3*$D$4+crises_vs_mcap!S3*$D$5+crises_vs_mcap!T3*$D$6+crises_vs_mcap!U3*$D$7) -> 0.038697397 | I37: =SUM(crises_vs_mcap!AB3*$D$2+crises_vs_mcap!AC3*$D$3+crises_vs_mcap!AD3*$D$4+crises_vs_mcap!AE3*$D$5+crises_vs_mcap!AF3*$D$6+crises_vs_mcap!AG3*$D$7) -> 0.048123745 | J37: =(N(crises_vs_mcap!AH3)*$D$2+N(crises_vs_mcap!AI3)*$D$3+N(crises_vs_mcap!AJ3)*$D$4+N(crises_vs_mcap!AK3)*$D$5+N(crises_vs_mcap!AL3)*$D$6+N(crises_vs_mcap!AM3)*$D$7)/(ISNUMBER(crises_vs_mcap!AH3)*$D$2+ISNUMBER(crises_vs_mcap!AI3)*$D$3+ISNUMBER(crises_vs_mcap!AJ3)*$D$4+ISNUMBER(crises_vs_mcap!AK3)*$D$5+ISNUMBER(crises_vs_mcap!AL3)*$D$6+ISNUMBER(crises_vs_mcap!AM3)*$D$7) -> 45.622287 | K37: =SUM(crises_vs_mcap!AZ3*$D$2+crises_vs_mcap!BA3*$D$3+crises_vs_mcap!BB3*$D$4+crises_vs_mcap!BC3*$D$5+crises_vs_mcap!BD3*$D$6+crises_vs_mcap!BE3*$D$7) -> -0.054789597 | L37: =SUM(crises_vs_mcap!BL3*$D$2+crises_vs_mcap!BM3*$D$3+crises_vs_mcap!BN3*$D$4+crises_vs_mcap!BO3*$D$5+crises_vs_mcap!BP3*$D$6+crises_vs_mcap!BQ3*$D$7) -> 0.074613208 | M37: =SUM(crises_vs_mcap!BR3*$D$2+crises_vs_mcap!BS3*$D$3+crises_vs_mcap!BT3*$D$4+crises_vs_mcap!BU3*$D$5+crises_vs_mcap!BV3*$D$6+crises_vs_mcap!BW3*$D$7) -> 0.036604813 | N37: =SUM(crises_vs_mcap!BX3*$D$2+crises_vs_mcap!BY3*$D$3+crises_vs_mcap!BZ3*$D$4+crises_vs_mcap!CA3*$D$5+crises_vs_mcap!CB3*$D$6+crises_vs_mcap!CC3*$D$7) -> -8.5898 | O37: =SUM(crises_vs_mcap!CD3*$D$2+crises_vs_mcap!CE3*$D$3+crises_vs_mcap!CF3*$D$4+crises_vs_mcap!CG3*$D$5+crises_vs_mcap!CH3*$D$6+crises_vs_mcap!CI3*$D$7) -> 0.042537903 | P37: =SUM(crises_vs_mcap!CJ3*$D$2+crises_vs_mcap!CK3*$D$3+crises_vs_mcap!CL3*$D$4+crises_vs_mcap!CM3*$D$5+crises_vs_mcap!CN3*$D$6+crises_vs_mcap!CO3*$D$7) -> -0.00018892349 | Q37: =(N(crises_vs_mcap!CP3)*$D$2+N(crises_vs_mcap!CQ3)*$D$3+N(crises_vs_mcap!CR3)*$D$4+N(crises_vs_mcap!CS3)*$D$5+N(crises_vs_mcap!CT3)*$D$6+N(crises_vs_mcap!CU3)*$D$7)/(ISNUMBER(crises_vs_mcap!CP3)*$D$2+ISNUMBER(crises_vs_mcap!CQ3)*$D$3+ISNUMBER(crises_vs_mcap!CR3)*$D$4+ISNUMBER(crises_vs_mcap!CS3)*$D$5+ISNUMBER(crises_vs_mcap!CT3)*$D$6+ISNUMBER(crises_vs_mcap!CU3)*$D$7) -> 62.41564 | R37: =SUM(crises_vs_mcap!CV3*$D$2+crises_vs_mcap!CW3*$D$3+crises_vs_mcap!CX3*$D$4+crises_vs_mcap!CY3*$D$5+crises_vs_mcap!CZ3*$D$6+crises_vs_mcap!DA3*$D$7) -> -0.12020371
A38: mvo | B38: mvo_t_10_lw | C38: monthly | D38: baseline | E38: none | F38: mvo_t_10_lw | G38: =SUM(crises_vs_mcap!J4*$D$2+crises_vs_mcap!K4*$D$3+crises_vs_mcap!L4*$D$4+crises_vs_mcap!M4*$D$5+crises_vs_mcap!N4*$D$6+crises_vs_mcap!O4*$D$7) -> 0.025505215 | H38: =SUM(crises_vs_mcap!P4*$D$2+crises_vs_mcap!Q4*$D$3+crises_vs_mcap!R4*$D$4+crises_vs_mcap!S4*$D$5+crises_vs_mcap!T4*$D$6+crises_vs_mcap!U4*$D$7) -> -0.0046542843 | I38: =SUM(crises_vs_mcap!AB4*$D$2+crises_vs_mcap!AC4*$D$3+crises_vs_mcap!AD4*$D$4+crises_vs_mcap!AE4*$D$5+crises_vs_mcap!AF4*$D$6+crises_vs_mcap!AG4*$D$7) -> -0.00035186121 | J38: =(N(crises_vs_mcap!AH4)*$D$2+N(crises_vs_mcap!AI4)*$D$3+N(crises_vs_mcap!AJ4)*$D$4+N(crises_vs_mcap!AK4)*$D$5+N(crises_vs_mcap!AL4)*$D$6+N(crises_vs_mcap!AM4)*$D$7)/(ISNUMBER(crises_vs_mcap!AH4)*$D$2+ISNUMBER(crises_vs_mcap!AI4)*$D$3+ISNUMBER(crises_vs_mcap!AJ4)*$D$4+ISNUMBER(crises_vs_mcap!AK4)*$D$5+ISNUMBER(crises_vs_mcap!AL4)*$D$6+ISNUMBER(crises_vs_mcap!AM4)*$D$7) -> -226.687 | K38: =SUM(crises_vs_mcap!AZ4*$D$2+crises_vs_mcap!BA4*$D$3+crises_vs_mcap!BB4*$D$4+crises_vs_mcap!BC4*$D$5+crises_vs_mcap!BD4*$D$6+crises_vs_mcap!BE4*$D$7) -> 0.018665904 | L38: =SUM(crises_vs_mcap!BL4*$D$2+crises_vs_mcap!BM4*$D$3+crises_vs_mcap!BN4*$D$4+crises_vs_mcap!BO4*$D$5+crises_vs_mcap!BP4*$D$6+crises_vs_mcap!BQ4*$D$7) -> -0.0041037073 | M38: =SUM(crises_vs_mcap!BR4*$D$2+crises_vs_mcap!BS4*$D$3+crises_vs_mcap!BT4*$D$4+crises_vs_mcap!BU4*$D$5+crises_vs_mcap!BV4*$D$6+crises_vs_mcap!BW4*$D$7) -> -0.0061825542 | N38: =SUM(crises_vs_mcap!BX4*$D$2+crises_vs_mcap!BY4*$D$3+crises_vs_mcap!BZ4*$D$4+crises_vs_mcap!CA4*$D$5+crises_vs_mcap!CB4*$D$6+crises_vs_mcap!CC4*$D$7) -> -0.0504 | O38: =SUM(crises_vs_mcap!CD4*$D$2+crises_vs_mcap!CE4*$D$3+crises_vs_mcap!CF4*$D$4+crises_vs_mcap!CG4*$D$5+crises_vs_mcap!CH4*$D$6+crises_vs_mcap!CI4*$D$7) -> 0.029773486 | P38: =SUM(crises_vs_mcap!CJ4*$D$2+crises_vs_mcap!CK4*$D$3+crises_vs_mcap!CL4*$D$4+crises_vs_mcap!CM4*$D$5+crises_vs_mcap!CN4*$D$6+crises_vs_mcap!CO4*$D$7) -> 0.0081543825 | Q38: =(N(crises_vs_mcap!CP4)*$D$2+N(crises_vs_mcap!CQ4)*$D$3+N(crises_vs_mcap!CR4)*$D$4+N(crises_vs_mcap!CS4)*$D$5+N(crises_vs_mcap!CT4)*$D$6+N(crises_vs_mcap!CU4)*$D$7)/(ISNUMBER(crises_vs_mcap!CP4)*$D$2+ISNUMBER(crises_vs_mcap!CQ4)*$D$3+ISNUMBER(crises_vs_mcap!CR4)*$D$4+ISNUMBER(crises_vs_mcap!CS4)*$D$5+ISNUMBER(crises_vs_mcap!CT4)*$D$6+ISNUMBER(crises_vs_mcap!CU4)*$D$7) -> -226.58847 | R38: =SUM(crises_vs_mcap!CV4*$D$2+crises_vs_mcap!CW4*$D$3+crises_vs_mcap!CX4*$D$4+crises_vs_mcap!CY4*$D$5+crises_vs_mcap!CZ4*$D$6+crises_vs_mcap!DA4*$D$7) -> 0.024852163
A39: hrp | B39: hrp_t_10_lw_ward | C39: monthly | D39: baseline | E39: none | F39: hrp_t_10_lw_ward | G39: =SUM(crises_vs_mcap!J5*$D$2+crises_vs_mcap!K5*$D$3+crises_vs_mcap!L5*$D$4+crises_vs_mcap!M5*$D$5+crises_vs_mcap!N5*$D$6+crises_vs_mcap!O5*$D$7) -> 0.26287645 | H39: =SUM(crises_vs_mcap!P5*$D$2+crises_vs_mcap!Q5*$D$3+crises_vs_mcap!R5*$D$4+crises_vs_mcap!S5*$D$5+crises_vs_mcap!T5*$D$6+crises_vs_mcap!U5*$D$7) -> 0.10024086 | I39: =SUM(crises_vs_mcap!AB5*$D$2+crises_vs_mcap!AC5*$D$3+crises_vs_mcap!AD5*$D$4+crises_vs_mcap!AE5*$D$5+crises_vs_mcap!AF5*$D$6+crises_vs_mcap!AG5*$D$7) -> 0.11940519 | J39: =(N(crises_vs_mcap!AH5)*$D$2+N(crises_vs_mcap!AI5)*$D$3+N(crises_vs_mcap!AJ5)*$D$4+N(crises_vs_mcap!AK5)*$D$5+N(crises_vs_mcap!AL5)*$D$6+N(crises_vs_mcap!AM5)*$D$7)/(ISNUMBER(crises_vs_mcap!AH5)*$D$2+ISNUMBER(crises_vs_mcap!AI5)*$D$3+ISNUMBER(crises_vs_mcap!AJ5)*$D$4+ISNUMBER(crises_vs_mcap!AK5)*$D$5+ISNUMBER(crises_vs_mcap!AL5)*$D$6+ISNUMBER(crises_vs_mcap!AM5)*$D$7) -> -99.423265 | K39: =SUM(crises_vs_mcap!AZ5*$D$2+crises_vs_mcap!BA5*$D$3+crises_vs_mcap!BB5*$D$4+crises_vs_mcap!BC5*$D$5+crises_vs_mcap!BD5*$D$6+crises_vs_mcap!BE5*$D$7) -> -0.096521994 | L39: =SUM(crises_vs_mcap!BL5*$D$2+crises_vs_mcap!BM5*$D$3+crises_vs_mcap!BN5*$D$4+crises_vs_mcap!BO5*$D$5+crises_vs_mcap!BP5*$D$6+crises_vs_mcap!BQ5*$D$7) -> 0.23860152 | M39: =SUM(crises_vs_mcap!BR5*$D$2+crises_vs_mcap!BS5*$D$3+crises_vs_mcap!BT5*$D$4+crises_vs_mcap!BU5*$D$5+crises_vs_mcap!BV5*$D$6+crises_vs_mcap!BW5*$D$7) -> 0.098148275 | N39: =SUM(crises_vs_mcap!BX5*$D$2+crises_vs_mcap!BY5*$D$3+crises_vs_mcap!BZ5*$D$4+crises_vs_mcap!CA5*$D$5+crises_vs_mcap!CB5*$D$6+crises_vs_mcap!CC5*$D$7) -> -8.5898 | O39: =SUM(crises_vs_mcap!CD5*$D$2+crises_vs_mcap!CE5*$D$3+crises_vs_mcap!CF5*$D$4+crises_vs_mcap!CG5*$D$5+crises_vs_mcap!CH5*$D$6+crises_vs_mcap!CI5*$D$7) -> 0.017538365 | P39: =SUM(crises_vs_mcap!CJ5*$D$2+crises_vs_mcap!CK5*$D$3+crises_vs_mcap!CL5*$D$4+crises_vs_mcap!CM5*$D$5+crises_vs_mcap!CN5*$D$6+crises_vs_mcap!CO5*$D$7) -> 0.023465029 | Q39: =(N(crises_vs_mcap!CP5)*$D$2+N(crises_vs_mcap!CQ5)*$D$3+N(crises_vs_mcap!CR5)*$D$4+N(crises_vs_mcap!CS5)*$D$5+N(crises_vs_mcap!CT5)*$D$6+N(crises_vs_mcap!CU5)*$D$7)/(ISNUMBER(crises_vs_mcap!CP5)*$D$2+ISNUMBER(crises_vs_mcap!CQ5)*$D$3+ISNUMBER(crises_vs_mcap!CR5)*$D$4+ISNUMBER(crises_vs_mcap!CS5)*$D$5+ISNUMBER(crises_vs_mcap!CT5)*$D$6+ISNUMBER(crises_vs_mcap!CU5)*$D$7) -> -82.629912 | R39: =SUM(crises_vs_mcap!CV5*$D$2+crises_vs_mcap!CW5*$D$3+crises_vs_mcap!CX5*$D$4+crises_vs_mcap!CY5*$D$5+crises_vs_mcap!CZ5*$D$6+crises_vs_mcap!DA5*$D$7) -> -0.32843701
A40: xgb | B40: xgb_t_10_holdout | C40: monthly | D40: baseline | E40: none | F40: xgb_t_10_holdout | G40: =SUM(crises_vs_mcap!J6*$D$2+crises_vs_mcap!K6*$D$3+crises_vs_mcap!L6*$D$4+crises_vs_mcap!M6*$D$5+crises_vs_mcap!N6*$D$6+crises_vs_mcap!O6*$D$7) -> 0.12932764 | H40: =SUM(crises_vs_mcap!P6*$D$2+crises_vs_mcap!Q6*$D$3+crises_vs_mcap!R6*$D$4+crises_vs_mcap!S6*$D$5+crises_vs_mcap!T6*$D$6+crises_vs_mcap!U6*$D$7) -> 0.019446505 | I40: =SUM(crises_vs_mcap!AB6*$D$2+crises_vs_mcap!AC6*$D$3+crises_vs_mcap!AD6*$D$4+crises_vs_mcap!AE6*$D$5+crises_vs_mcap!AF6*$D$6+crises_vs_mcap!AG6*$D$7) -> 0.027121949 | J40: =(N(crises_vs_mcap!AH6)*$D$2+N(crises_vs_mcap!AI6)*$D$3+N(crises_vs_mcap!AJ6)*$D$4+N(crises_vs_mcap!AK6)*$D$5+N(crises_vs_mcap!AL6)*$D$6+N(crises_vs_mcap!AM6)*$D$7)/(ISNUMBER(crises_vs_mcap!AH6)*$D$2+ISNUMBER(crises_vs_mcap!AI6)*$D$3+ISNUMBER(crises_vs_mcap!AJ6)*$D$4+ISNUMBER(crises_vs_mcap!AK6)*$D$5+ISNUMBER(crises_vs_mcap!AL6)*$D$6+ISNUMBER(crises_vs_mcap!AM6)*$D$7) -> 66.34174 | K40: =SUM(crises_vs_mcap!AZ6*$D$2+crises_vs_mcap!BA6*$D$3+crises_vs_mcap!BB6*$D$4+crises_vs_mcap!BC6*$D$5+crises_vs_mcap!BD6*$D$6+crises_vs_mcap!BE6*$D$7) -> -0.052771279 | L40: =SUM(crises_vs_mcap!BL6*$D$2+crises_vs_mcap!BM6*$D$3+crises_vs_mcap!BN6*$D$4+crises_vs_mcap!BO6*$D$5+crises_vs_mcap!BP6*$D$6+crises_vs_mcap!BQ6*$D$7) -> 0.031152317 | M40: =SUM(crises_vs_mcap!BR6*$D$2+crises_vs_mcap!BS6*$D$3+crises_vs_mcap!BT6*$D$4+crises_vs_mcap!BU6*$D$5+crises_vs_mcap!BV6*$D$6+crises_vs_mcap!BW6*$D$7) -> 0.017416008 | N40: =SUM(crises_vs_mcap!BX6*$D$2+crises_vs_mcap!BY6*$D$3+crises_vs_mcap!BZ6*$D$4+crises_vs_mcap!CA6*$D$5+crises_vs_mcap!CB6*$D$6+crises_vs_mcap!CC6*$D$7) -> 18.0254 | O40: =SUM(crises_vs_mcap!CD6*$D$2+crises_vs_mcap!CE6*$D$3+crises_vs_mcap!CF6*$D$4+crises_vs_mcap!CG6*$D$5+crises_vs_mcap!CH6*$D$6+crises_vs_mcap!CI6*$D$7) -> 0.10141539 | P40: =SUM(crises_vs_mcap!CJ6*$D$2+crises_vs_mcap!CK6*$D$3+crises_vs_mcap!CL6*$D$4+crises_vs_mcap!CM6*$D$5+crises_vs_mcap!CN6*$D$6+crises_vs_mcap!CO6*$D$7) -> -0.012006626 | Q40: =(N(crises_vs_mcap!CP6)*$D$2+N(crises_vs_mcap!CQ6)*$D$3+N(crises_vs_mcap!CR6)*$D$4+N(crises_vs_mcap!CS6)*$D$5+N(crises_vs_mcap!CT6)*$D$6+N(crises_vs_mcap!CU6)*$D$7)/(ISNUMBER(crises_vs_mcap!CP6)*$D$2+ISNUMBER(crises_vs_mcap!CQ6)*$D$3+ISNUMBER(crises_vs_mcap!CR6)*$D$4+ISNUMBER(crises_vs_mcap!CS6)*$D$5+ISNUMBER(crises_vs_mcap!CT6)*$D$6+ISNUMBER(crises_vs_mcap!CU6)*$D$7) -> 83.617595 | R40: =SUM(crises_vs_mcap!CV6*$D$2+crises_vs_mcap!CW6*$D$3+crises_vs_mcap!CX6*$D$4+crises_vs_mcap!CY6*$D$5+crises_vs_mcap!CZ6*$D$6+crises_vs_mcap!DA6*$D$7) -> -0.016429176
A41: rf | B41: rf_t_10_holdout | C41: monthly | D41: baseline | E41: none | F41: rf_t_10_holdout | G41: =SUM(crises_vs_mcap!J7*$D$2+crises_vs_mcap!K7*$D$3+crises_vs_mcap!L7*$D$4+crises_vs_mcap!M7*$D$5+crises_vs_mcap!N7*$D$6+crises_vs_mcap!O7*$D$7) -> 0.14319757 | H41: =SUM(crises_vs_mcap!P7*$D$2+crises_vs_mcap!Q7*$D$3+crises_vs_mcap!R7*$D$4+crises_vs_mcap!S7*$D$5+crises_vs_mcap!T7*$D$6+crises_vs_mcap!U7*$D$7) -> 0.014418449 | I41: =SUM(crises_vs_mcap!AB7*$D$2+crises_vs_mcap!AC7*$D$3+crises_vs_mcap!AD7*$D$4+crises_vs_mcap!AE7*$D$5+crises_vs_mcap!AF7*$D$6+crises_vs_mcap!AG7*$D$7) -> 0.02373971 | J41: =(N(crises_vs_mcap!AH7)*$D$2+N(crises_vs_mcap!AI7)*$D$3+N(crises_vs_mcap!AJ7)*$D$4+N(crises_vs_mcap!AK7)*$D$5+N(crises_vs_mcap!AL7)*$D$6+N(crises_vs_mcap!AM7)*$D$7)/(ISNUMBER(crises_vs_mcap!AH7)*$D$2+ISNUMBER(crises_vs_mcap!AI7)*$D$3+ISNUMBER(crises_vs_mcap!AJ7)*$D$4+ISNUMBER(crises_vs_mcap!AK7)*$D$5+ISNUMBER(crises_vs_mcap!AL7)*$D$6+ISNUMBER(crises_vs_mcap!AM7)*$D$7) -> 95.4565 | K41: =SUM(crises_vs_mcap!AZ7*$D$2+crises_vs_mcap!BA7*$D$3+crises_vs_mcap!BB7*$D$4+crises_vs_mcap!BC7*$D$5+crises_vs_mcap!BD7*$D$6+crises_vs_mcap!BE7*$D$7) -> -0.048795008 | L41: =SUM(crises_vs_mcap!BL7*$D$2+crises_vs_mcap!BM7*$D$3+crises_vs_mcap!BN7*$D$4+crises_vs_mcap!BO7*$D$5+crises_vs_mcap!BP7*$D$6+crises_vs_mcap!BQ7*$D$7) -> 0.026807667 | M41: =SUM(crises_vs_mcap!BR7*$D$2+crises_vs_mcap!BS7*$D$3+crises_vs_mcap!BT7*$D$4+crises_vs_mcap!BU7*$D$5+crises_vs_mcap!BV7*$D$6+crises_vs_mcap!BW7*$D$7) -> 0.012462511 | N41: =SUM(crises_vs_mcap!BX7*$D$2+crises_vs_mcap!BY7*$D$3+crises_vs_mcap!BZ7*$D$4+crises_vs_mcap!CA7*$D$5+crises_vs_mcap!CB7*$D$6+crises_vs_mcap!CC7*$D$7) -> 18.0254 | O41: =SUM(crises_vs_mcap!CD7*$D$2+crises_vs_mcap!CE7*$D$3+crises_vs_mcap!CF7*$D$4+crises_vs_mcap!CG7*$D$5+crises_vs_mcap!CH7*$D$6+crises_vs_mcap!CI7*$D$7) -> 0.11273305 | P41: =SUM(crises_vs_mcap!CJ7*$D$2+crises_vs_mcap!CK7*$D$3+crises_vs_mcap!CL7*$D$4+crises_vs_mcap!CM7*$D$5+crises_vs_mcap!CN7*$D$6+crises_vs_mcap!CO7*$D$7) -> -0.013497644 | Q41: =(N(crises_vs_mcap!CP7)*$D$2+N(crises_vs_mcap!CQ7)*$D$3+N(crises_vs_mcap!CR7)*$D$4+N(crises_vs_mcap!CS7)*$D$5+N(crises_vs_mcap!CT7)*$D$6+N(crises_vs_mcap!CU7)*$D$7)/(ISNUMBER(crises_vs_mcap!CP7)*$D$2+ISNUMBER(crises_vs_mcap!CQ7)*$D$3+ISNUMBER(crises_vs_mcap!CR7)*$D$4+ISNUMBER(crises_vs_mcap!CS7)*$D$5+ISNUMBER(crises_vs_mcap!CT7)*$D$6+ISNUMBER(crises_vs_mcap!CU7)*$D$7) -> 112.73236 | R41: =SUM(crises_vs_mcap!CV7*$D$2+crises_vs_mcap!CW7*$D$3+crises_vs_mcap!CX7*$D$4+crises_vs_mcap!CY7*$D$5+crises_vs_mcap!CZ7*$D$6+crises_vs_mcap!DA7*$D$7) -> -0.014767041
A42: lstm | B42: lstm_t_10_holdout_rank | C42: monthly | D42: baseline | E42: none | F42: lstm_t_10_holdout_rank | G42: =SUM(crises_vs_mcap!J8*$D$2+crises_vs_mcap!K8*$D$3+crises_vs_mcap!L8*$D$4+crises_vs_mcap!M8*$D$5+crises_vs_mcap!N8*$D$6+crises_vs_mcap!O8*$D$7) -> 0.1551194 | H42: =SUM(crises_vs_mcap!P8*$D$2+crises_vs_mcap!Q8*$D$3+crises_vs_mcap!R8*$D$4+crises_vs_mcap!S8*$D$5+crises_vs_mcap!T8*$D$6+crises_vs_mcap!U8*$D$7) -> 0.0020055313 | I42: =SUM(crises_vs_mcap!AB8*$D$2+crises_vs_mcap!AC8*$D$3+crises_vs_mcap!AD8*$D$4+crises_vs_mcap!AE8*$D$5+crises_vs_mcap!AF8*$D$6+crises_vs_mcap!AG8*$D$7) -> 0.013353925 | J42: =(N(crises_vs_mcap!AH8)*$D$2+N(crises_vs_mcap!AI8)*$D$3+N(crises_vs_mcap!AJ8)*$D$4+N(crises_vs_mcap!AK8)*$D$5+N(crises_vs_mcap!AL8)*$D$6+N(crises_vs_mcap!AM8)*$D$7)/(ISNUMBER(crises_vs_mcap!AH8)*$D$2+ISNUMBER(crises_vs_mcap!AI8)*$D$3+ISNUMBER(crises_vs_mcap!AJ8)*$D$4+ISNUMBER(crises_vs_mcap!AK8)*$D$5+ISNUMBER(crises_vs_mcap!AL8)*$D$6+ISNUMBER(crises_vs_mcap!AM8)*$D$7) -> 93.939785 | K42: =SUM(crises_vs_mcap!AZ8*$D$2+crises_vs_mcap!BA8*$D$3+crises_vs_mcap!BB8*$D$4+crises_vs_mcap!BC8*$D$5+crises_vs_mcap!BD8*$D$6+crises_vs_mcap!BE8*$D$7) -> -0.041855671 | L42: =SUM(crises_vs_mcap!BL8*$D$2+crises_vs_mcap!BM8*$D$3+crises_vs_mcap!BN8*$D$4+crises_vs_mcap!BO8*$D$5+crises_vs_mcap!BP8*$D$6+crises_vs_mcap!BQ8*$D$7) -> 0.0051046949 | M42: =SUM(crises_vs_mcap!BR8*$D$2+crises_vs_mcap!BS8*$D$3+crises_vs_mcap!BT8*$D$4+crises_vs_mcap!BU8*$D$5+crises_vs_mcap!BV8*$D$6+crises_vs_mcap!BW8*$D$7) -> 0.00050210713 | N42: =SUM(crises_vs_mcap!BX8*$D$2+crises_vs_mcap!BY8*$D$3+crises_vs_mcap!BZ8*$D$4+crises_vs_mcap!CA8*$D$5+crises_vs_mcap!CB8*$D$6+crises_vs_mcap!CC8*$D$7) -> 20.0988 | O42: =SUM(crises_vs_mcap!CD8*$D$2+crises_vs_mcap!CE8*$D$3+crises_vs_mcap!CF8*$D$4+crises_vs_mcap!CG8*$D$5+crises_vs_mcap!CH8*$D$6+crises_vs_mcap!CI8*$D$7) -> 0.14517705 | P42: =SUM(crises_vs_mcap!CJ8*$D$2+crises_vs_mcap!CK8*$D$3+crises_vs_mcap!CL8*$D$4+crises_vs_mcap!CM8*$D$5+crises_vs_mcap!CN8*$D$6+crises_vs_mcap!CO8*$D$7) -> -0.012972195 | Q42: =(N(crises_vs_mcap!CP8)*$D$2+N(crises_vs_mcap!CQ8)*$D$3+N(crises_vs_mcap!CR8)*$D$4+N(crises_vs_mcap!CS8)*$D$5+N(crises_vs_mcap!CT8)*$D$6+N(crises_vs_mcap!CU8)*$D$7)/(ISNUMBER(crises_vs_mcap!CP8)*$D$2+ISNUMBER(crises_vs_mcap!CQ8)*$D$3+ISNUMBER(crises_vs_mcap!CR8)*$D$4+ISNUMBER(crises_vs_mcap!CS8)*$D$5+ISNUMBER(crises_vs_mcap!CT8)*$D$6+ISNUMBER(crises_vs_mcap!CU8)*$D$7) -> 107.16207 | R42: =SUM(crises_vs_mcap!CV8*$D$2+crises_vs_mcap!CW8*$D$3+crises_vs_mcap!CX8*$D$4+crises_vs_mcap!CY8*$D$5+crises_vs_mcap!CZ8*$D$6+crises_vs_mcap!DA8*$D$7) -> 0.019636137
A44: VIX Weighted Crises
A45: model | B45: run | C45: frequency | D45: role | E45: detector | F45: base_run | G45: vix_crisis_exc_ret_full_fix | H45: vix_crisis_exc_dd_full_fix | I45: vix_crisis_exc_dd_full_flex | J45: vix_crisis_exc_days_full_flex | K45: vix_crisis_exc_ulcer_full_flex | L45: vix_crisis_exc_ret_ptt_fix | M45: vix_crisis_exc_dd_ptt_fix | N45: vix_crisis_exc_days_ptt_flex | O45: vix_crisis_exc_ret_ttp_fix | P45: vix_crisis_exc_dd_ttp_fix | Q45: vix_crisis_exc_days_ttp_flex | R45: vix_exc_crisis_ret_to_even_ttp_flex
A46: market_cap | B46: mcap_t_10 | C46: monthly | D46: benchmark | E46: none | G46: =SUM(crises_vs_mcap!J2*$E$2+crises_vs_mcap!K2*$E$3+crises_vs_mcap!L2*$E$4+crises_vs_mcap!M2*$E$5+crises_vs_mcap!N2*$E$6+crises_vs_mcap!O2*$E$7) -> 0 | H46: =SUM(crises_vs_mcap!P2*$E$2+crises_vs_mcap!Q2*$E$3+crises_vs_mcap!R2*$E$4+crises_vs_mcap!S2*$E$5+crises_vs_mcap!T2*$E$6+crises_vs_mcap!U2*$E$7) -> 0 | I46: =SUM(crises_vs_mcap!AB2*$E$2+crises_vs_mcap!AC2*$E$3+crises_vs_mcap!AD2*$E$4+crises_vs_mcap!AE2*$E$5+crises_vs_mcap!AF2*$E$6+crises_vs_mcap!AG2*$E$7) -> 0 | J46: =(N(crises_vs_mcap!AH2)*$E$2+N(crises_vs_mcap!AI2)*$E$3+N(crises_vs_mcap!AJ2)*$E$4+N(crises_vs_mcap!AK2)*$E$5+N(crises_vs_mcap!AL2)*$E$6+N(crises_vs_mcap!AM2)*$E$7)/(ISNUMBER(crises_vs_mcap!AH2)*$E$2+ISNUMBER(crises_vs_mcap!AI2)*$E$3+ISNUMBER(crises_vs_mcap!AJ2)*$E$4+ISNUMBER(crises_vs_mcap!AK2)*$E$5+ISNUMBER(crises_vs_mcap!AL2)*$E$6+ISNUMBER(crises_vs_mcap!AM2)*$E$7) -> 0 | K46: =SUM(crises_vs_mcap!AZ2*$E$2+crises_vs_mcap!BA2*$E$3+crises_vs_mcap!BB2*$E$4+crises_vs_mcap!BC2*$E$5+crises_vs_mcap!BD2*$E$6+crises_vs_mcap!BE2*$E$7) -> 0 | L46: =SUM(crises_vs_mcap!BL2*$E$2+crises_vs_mcap!BM2*$E$3+crises_vs_mcap!BN2*$E$4+crises_vs_mcap!BO2*$E$5+crises_vs_mcap!BP2*$E$6+crises_vs_mcap!BQ2*$E$7) -> 0 | M46: =SUM(crises_vs_mcap!BR2*$E$2+crises_vs_mcap!BS2*$E$3+crises_vs_mcap!BT2*$E$4+crises_vs_mcap!BU2*$E$5+crises_vs_mcap!BV2*$E$6+crises_vs_mcap!BW2*$E$7) -> 0 | N46: =SUM(crises_vs_mcap!BX2*$E$2+crises_vs_mcap!BY2*$E$3+crises_vs_mcap!BZ2*$E$4+crises_vs_mcap!CA2*$E$5+crises_vs_mcap!CB2*$E$6+crises_vs_mcap!CC2*$E$7) -> 0 | O46: =SUM(crises_vs_mcap!CD2*$E$2+crises_vs_mcap!CE2*$E$3+crises_vs_mcap!CF2*$E$4+crises_vs_mcap!CG2*$E$5+crises_vs_mcap!CH2*$E$6+crises_vs_mcap!CI2*$E$7) -> 0 | P46: =SUM(crises_vs_mcap!CJ2*$E$2+crises_vs_mcap!CK2*$E$3+crises_vs_mcap!CL2*$E$4+crises_vs_mcap!CM2*$E$5+crises_vs_mcap!CN2*$E$6+crises_vs_mcap!CO2*$E$7) -> 0 | Q46: =(N(crises_vs_mcap!CP2)*$E$2+N(crises_vs_mcap!CQ2)*$E$3+N(crises_vs_mcap!CR2)*$E$4+N(crises_vs_mcap!CS2)*$E$5+N(crises_vs_mcap!CT2)*$E$6+N(crises_vs_mcap!CU2)*$E$7)/(ISNUMBER(crises_vs_mcap!CP2)*$E$2+ISNUMBER(crises_vs_mcap!CQ2)*$E$3+ISNUMBER(crises_vs_mcap!CR2)*$E$4+ISNUMBER(crises_vs_mcap!CS2)*$E$5+ISNUMBER(crises_vs_mcap!CT2)*$E$6+ISNUMBER(crises_vs_mcap!CU2)*$E$7) -> 0 | R46: =SUM(crises_vs_mcap!CV2*$E$2+crises_vs_mcap!CW2*$E$3+crises_vs_mcap!CX2*$E$4+crises_vs_mcap!CY2*$E$5+crises_vs_mcap!CZ2*$E$6+crises_vs_mcap!DA2*$E$7) -> 0
A47: equal_weight | B47: equal_t_10 | C47: monthly | D47: baseline | E47: none | F47: equal_t_10 | G47: =SUM(crises_vs_mcap!J3*$E$2+crises_vs_mcap!K3*$E$3+crises_vs_mcap!L3*$E$4+crises_vs_mcap!M3*$E$5+crises_vs_mcap!N3*$E$6+crises_vs_mcap!O3*$E$7) -> 0.013176277 | H47: =SUM(crises_vs_mcap!P3*$E$2+crises_vs_mcap!Q3*$E$3+crises_vs_mcap!R3*$E$4+crises_vs_mcap!S3*$E$5+crises_vs_mcap!T3*$E$6+crises_vs_mcap!U3*$E$7) -> 0.012994202 | I47: =SUM(crises_vs_mcap!AB3*$E$2+crises_vs_mcap!AC3*$E$3+crises_vs_mcap!AD3*$E$4+crises_vs_mcap!AE3*$E$5+crises_vs_mcap!AF3*$E$6+crises_vs_mcap!AG3*$E$7) -> 0.015069038 | J47: =(N(crises_vs_mcap!AH3)*$E$2+N(crises_vs_mcap!AI3)*$E$3+N(crises_vs_mcap!AJ3)*$E$4+N(crises_vs_mcap!AK3)*$E$5+N(crises_vs_mcap!AL3)*$E$6+N(crises_vs_mcap!AM3)*$E$7)/(ISNUMBER(crises_vs_mcap!AH3)*$E$2+ISNUMBER(crises_vs_mcap!AI3)*$E$3+ISNUMBER(crises_vs_mcap!AJ3)*$E$4+ISNUMBER(crises_vs_mcap!AK3)*$E$5+ISNUMBER(crises_vs_mcap!AL3)*$E$6+ISNUMBER(crises_vs_mcap!AM3)*$E$7) -> 25.571796 | K47: =SUM(crises_vs_mcap!AZ3*$E$2+crises_vs_mcap!BA3*$E$3+crises_vs_mcap!BB3*$E$4+crises_vs_mcap!BC3*$E$5+crises_vs_mcap!BD3*$E$6+crises_vs_mcap!BE3*$E$7) -> -0.018186138 | L47: =SUM(crises_vs_mcap!BL3*$E$2+crises_vs_mcap!BM3*$E$3+crises_vs_mcap!BN3*$E$4+crises_vs_mcap!BO3*$E$5+crises_vs_mcap!BP3*$E$6+crises_vs_mcap!BQ3*$E$7) -> 0.016764153 | M47: =SUM(crises_vs_mcap!BR3*$E$2+crises_vs_mcap!BS3*$E$3+crises_vs_mcap!BT3*$E$4+crises_vs_mcap!BU3*$E$5+crises_vs_mcap!BV3*$E$6+crises_vs_mcap!BW3*$E$7) -> 0.010877598 | N47: =SUM(crises_vs_mcap!BX3*$E$2+crises_vs_mcap!BY3*$E$3+crises_vs_mcap!BZ3*$E$4+crises_vs_mcap!CA3*$E$5+crises_vs_mcap!CB3*$E$6+crises_vs_mcap!CC3*$E$7) -> -8.6884 | O47: =SUM(crises_vs_mcap!CD3*$E$2+crises_vs_mcap!CE3*$E$3+crises_vs_mcap!CF3*$E$4+crises_vs_mcap!CG3*$E$5+crises_vs_mcap!CH3*$E$6+crises_vs_mcap!CI3*$E$7) -> -0.0031357971 | P47: =SUM(crises_vs_mcap!CJ3*$E$2+crises_vs_mcap!CK3*$E$3+crises_vs_mcap!CL3*$E$4+crises_vs_mcap!CM3*$E$5+crises_vs_mcap!CN3*$E$6+crises_vs_mcap!CO3*$E$7) -> -0.0035036411 | Q47: =(N(crises_vs_mcap!CP3)*$E$2+N(crises_vs_mcap!CQ3)*$E$3+N(crises_vs_mcap!CR3)*$E$4+N(crises_vs_mcap!CS3)*$E$5+N(crises_vs_mcap!CT3)*$E$6+N(crises_vs_mcap!CU3)*$E$7)/(ISNUMBER(crises_vs_mcap!CP3)*$E$2+ISNUMBER(crises_vs_mcap!CQ3)*$E$3+ISNUMBER(crises_vs_mcap!CR3)*$E$4+ISNUMBER(crises_vs_mcap!CS3)*$E$5+ISNUMBER(crises_vs_mcap!CT3)*$E$6+ISNUMBER(crises_vs_mcap!CU3)*$E$7) -> 35.739614 | R47: =SUM(crises_vs_mcap!CV3*$E$2+crises_vs_mcap!CW3*$E$3+crises_vs_mcap!CX3*$E$4+crises_vs_mcap!CY3*$E$5+crises_vs_mcap!CZ3*$E$6+crises_vs_mcap!DA3*$E$7) -> -0.019613816
A48: mvo | B48: mvo_t_10_lw | C48: monthly | D48: baseline | E48: none | F48: mvo_t_10_lw | G48: =SUM(crises_vs_mcap!J4*$E$2+crises_vs_mcap!K4*$E$3+crises_vs_mcap!L4*$E$4+crises_vs_mcap!M4*$E$5+crises_vs_mcap!N4*$E$6+crises_vs_mcap!O4*$E$7) -> 0.011020871 | H48: =SUM(crises_vs_mcap!P4*$E$2+crises_vs_mcap!Q4*$E$3+crises_vs_mcap!R4*$E$4+crises_vs_mcap!S4*$E$5+crises_vs_mcap!T4*$E$6+crises_vs_mcap!U4*$E$7) -> 0.0065552311 | I48: =SUM(crises_vs_mcap!AB4*$E$2+crises_vs_mcap!AC4*$E$3+crises_vs_mcap!AD4*$E$4+crises_vs_mcap!AE4*$E$5+crises_vs_mcap!AF4*$E$6+crises_vs_mcap!AG4*$E$7) -> 0.0081391986 | J48: =(N(crises_vs_mcap!AH4)*$E$2+N(crises_vs_mcap!AI4)*$E$3+N(crises_vs_mcap!AJ4)*$E$4+N(crises_vs_mcap!AK4)*$E$5+N(crises_vs_mcap!AL4)*$E$6+N(crises_vs_mcap!AM4)*$E$7)/(ISNUMBER(crises_vs_mcap!AH4)*$E$2+ISNUMBER(crises_vs_mcap!AI4)*$E$3+ISNUMBER(crises_vs_mcap!AJ4)*$E$4+ISNUMBER(crises_vs_mcap!AK4)*$E$5+ISNUMBER(crises_vs_mcap!AL4)*$E$6+ISNUMBER(crises_vs_mcap!AM4)*$E$7) -> -84.812522 | K48: =SUM(crises_vs_mcap!AZ4*$E$2+crises_vs_mcap!BA4*$E$3+crises_vs_mcap!BB4*$E$4+crises_vs_mcap!BC4*$E$5+crises_vs_mcap!BD4*$E$6+crises_vs_mcap!BE4*$E$7) -> 0.00048581042 | L48: =SUM(crises_vs_mcap!BL4*$E$2+crises_vs_mcap!BM4*$E$3+crises_vs_mcap!BN4*$E$4+crises_vs_mcap!BO4*$E$5+crises_vs_mcap!BP4*$E$6+crises_vs_mcap!BQ4*$E$7) -> 0.012801082 | M48: =SUM(crises_vs_mcap!BR4*$E$2+crises_vs_mcap!BS4*$E$3+crises_vs_mcap!BT4*$E$4+crises_vs_mcap!BU4*$E$5+crises_vs_mcap!BV4*$E$6+crises_vs_mcap!BW4*$E$7) -> 0.0050094186 | N48: =SUM(crises_vs_mcap!BX4*$E$2+crises_vs_mcap!BY4*$E$3+crises_vs_mcap!BZ4*$E$4+crises_vs_mcap!CA4*$E$5+crises_vs_mcap!CB4*$E$6+crises_vs_mcap!CC4*$E$7) -> -0.271 | O48: =SUM(crises_vs_mcap!CD4*$E$2+crises_vs_mcap!CE4*$E$3+crises_vs_mcap!CF4*$E$4+crises_vs_mcap!CG4*$E$5+crises_vs_mcap!CH4*$E$6+crises_vs_mcap!CI4*$E$7) -> -0.0023066619 | P48: =SUM(crises_vs_mcap!CJ4*$E$2+crises_vs_mcap!CK4*$E$3+crises_vs_mcap!CL4*$E$4+crises_vs_mcap!CM4*$E$5+crises_vs_mcap!CN4*$E$6+crises_vs_mcap!CO4*$E$7) -> 0.0075430674 | Q48: =(N(crises_vs_mcap!CP4)*$E$2+N(crises_vs_mcap!CQ4)*$E$3+N(crises_vs_mcap!CR4)*$E$4+N(crises_vs_mcap!CS4)*$E$5+N(crises_vs_mcap!CT4)*$E$6+N(crises_vs_mcap!CU4)*$E$7)/(ISNUMBER(crises_vs_mcap!CP4)*$E$2+ISNUMBER(crises_vs_mcap!CQ4)*$E$3+ISNUMBER(crises_vs_mcap!CR4)*$E$4+ISNUMBER(crises_vs_mcap!CS4)*$E$5+ISNUMBER(crises_vs_mcap!CT4)*$E$6+ISNUMBER(crises_vs_mcap!CU4)*$E$7) -> -84.495377 | R48: =SUM(crises_vs_mcap!CV4*$E$2+crises_vs_mcap!CW4*$E$3+crises_vs_mcap!CX4*$E$4+crises_vs_mcap!CY4*$E$5+crises_vs_mcap!CZ4*$E$6+crises_vs_mcap!DA4*$E$7) -> -0.018575004
A49: hrp | B49: hrp_t_10_lw_ward | C49: monthly | D49: baseline | E49: none | F49: hrp_t_10_lw_ward | G49: =SUM(crises_vs_mcap!J5*$E$2+crises_vs_mcap!K5*$E$3+crises_vs_mcap!L5*$E$4+crises_vs_mcap!M5*$E$5+crises_vs_mcap!N5*$E$6+crises_vs_mcap!O5*$E$7) -> 0.068221878 | H49: =SUM(crises_vs_mcap!P5*$E$2+crises_vs_mcap!Q5*$E$3+crises_vs_mcap!R5*$E$4+crises_vs_mcap!S5*$E$5+crises_vs_mcap!T5*$E$6+crises_vs_mcap!U5*$E$7) -> 0.057617131 | I49: =SUM(crises_vs_mcap!AB5*$E$2+crises_vs_mcap!AC5*$E$3+crises_vs_mcap!AD5*$E$4+crises_vs_mcap!AE5*$E$5+crises_vs_mcap!AF5*$E$6+crises_vs_mcap!AG5*$E$7) -> 0.062861128 | J49: =(N(crises_vs_mcap!AH5)*$E$2+N(crises_vs_mcap!AI5)*$E$3+N(crises_vs_mcap!AJ5)*$E$4+N(crises_vs_mcap!AK5)*$E$5+N(crises_vs_mcap!AL5)*$E$6+N(crises_vs_mcap!AM5)*$E$7)/(ISNUMBER(crises_vs_mcap!AH5)*$E$2+ISNUMBER(crises_vs_mcap!AI5)*$E$3+ISNUMBER(crises_vs_mcap!AJ5)*$E$4+ISNUMBER(crises_vs_mcap!AK5)*$E$5+ISNUMBER(crises_vs_mcap!AL5)*$E$6+ISNUMBER(crises_vs_mcap!AM5)*$E$7) -> -26.407256 | K49: =SUM(crises_vs_mcap!AZ5*$E$2+crises_vs_mcap!BA5*$E$3+crises_vs_mcap!BB5*$E$4+crises_vs_mcap!BC5*$E$5+crises_vs_mcap!BD5*$E$6+crises_vs_mcap!BE5*$E$7) -> -0.04129239 | L49: =SUM(crises_vs_mcap!BL5*$E$2+crises_vs_mcap!BM5*$E$3+crises_vs_mcap!BN5*$E$4+crises_vs_mcap!BO5*$E$5+crises_vs_mcap!BP5*$E$6+crises_vs_mcap!BQ5*$E$7) -> 0.1088386 | M49: =SUM(crises_vs_mcap!BR5*$E$2+crises_vs_mcap!BS5*$E$3+crises_vs_mcap!BT5*$E$4+crises_vs_mcap!BU5*$E$5+crises_vs_mcap!BV5*$E$6+crises_vs_mcap!BW5*$E$7) -> 0.055500527 | N49: =SUM(crises_vs_mcap!BX5*$E$2+crises_vs_mcap!BY5*$E$3+crises_vs_mcap!BZ5*$E$4+crises_vs_mcap!CA5*$E$5+crises_vs_mcap!CB5*$E$6+crises_vs_mcap!CC5*$E$7) -> -8.6884 | O49: =SUM(crises_vs_mcap!CD5*$E$2+crises_vs_mcap!CE5*$E$3+crises_vs_mcap!CF5*$E$4+crises_vs_mcap!CG5*$E$5+crises_vs_mcap!CH5*$E$6+crises_vs_mcap!CI5*$E$7) -> -0.040619379 | P49: =SUM(crises_vs_mcap!CJ5*$E$2+crises_vs_mcap!CK5*$E$3+crises_vs_mcap!CL5*$E$4+crises_vs_mcap!CM5*$E$5+crises_vs_mcap!CN5*$E$6+crises_vs_mcap!CO5*$E$7) -> 0.011611312 | Q49: =(N(crises_vs_mcap!CP5)*$E$2+N(crises_vs_mcap!CQ5)*$E$3+N(crises_vs_mcap!CR5)*$E$4+N(crises_vs_mcap!CS5)*$E$5+N(crises_vs_mcap!CT5)*$E$6+N(crises_vs_mcap!CU5)*$E$7)/(ISNUMBER(crises_vs_mcap!CP5)*$E$2+ISNUMBER(crises_vs_mcap!CQ5)*$E$3+ISNUMBER(crises_vs_mcap!CR5)*$E$4+ISNUMBER(crises_vs_mcap!CS5)*$E$5+ISNUMBER(crises_vs_mcap!CT5)*$E$6+ISNUMBER(crises_vs_mcap!CU5)*$E$7) -> -16.239438 | R49: =SUM(crises_vs_mcap!CV5*$E$2+crises_vs_mcap!CW5*$E$3+crises_vs_mcap!CX5*$E$4+crises_vs_mcap!CY5*$E$5+crises_vs_mcap!CZ5*$E$6+crises_vs_mcap!DA5*$E$7) -> -0.15321129
A50: xgb | B50: xgb_t_10_holdout | C50: monthly | D50: baseline | E50: none | F50: xgb_t_10_holdout | G50: =SUM(crises_vs_mcap!J6*$E$2+crises_vs_mcap!K6*$E$3+crises_vs_mcap!L6*$E$4+crises_vs_mcap!M6*$E$5+crises_vs_mcap!N6*$E$6+crises_vs_mcap!O6*$E$7) -> 0.013199638 | H50: =SUM(crises_vs_mcap!P6*$E$2+crises_vs_mcap!Q6*$E$3+crises_vs_mcap!R6*$E$4+crises_vs_mcap!S6*$E$5+crises_vs_mcap!T6*$E$6+crises_vs_mcap!U6*$E$7) -> -0.0085044036 | I50: =SUM(crises_vs_mcap!AB6*$E$2+crises_vs_mcap!AC6*$E$3+crises_vs_mcap!AD6*$E$4+crises_vs_mcap!AE6*$E$5+crises_vs_mcap!AF6*$E$6+crises_vs_mcap!AG6*$E$7) -> -0.0069511819 | J50: =(N(crises_vs_mcap!AH6)*$E$2+N(crises_vs_mcap!AI6)*$E$3+N(crises_vs_mcap!AJ6)*$E$4+N(crises_vs_mcap!AK6)*$E$5+N(crises_vs_mcap!AL6)*$E$6+N(crises_vs_mcap!AM6)*$E$7)/(ISNUMBER(crises_vs_mcap!AH6)*$E$2+ISNUMBER(crises_vs_mcap!AI6)*$E$3+ISNUMBER(crises_vs_mcap!AJ6)*$E$4+ISNUMBER(crises_vs_mcap!AK6)*$E$5+ISNUMBER(crises_vs_mcap!AL6)*$E$6+ISNUMBER(crises_vs_mcap!AM6)*$E$7) -> 34.20983 | K50: =SUM(crises_vs_mcap!AZ6*$E$2+crises_vs_mcap!BA6*$E$3+crises_vs_mcap!BB6*$E$4+crises_vs_mcap!BC6*$E$5+crises_vs_mcap!BD6*$E$6+crises_vs_mcap!BE6*$E$7) -> -0.011216612 | L50: =SUM(crises_vs_mcap!BL6*$E$2+crises_vs_mcap!BM6*$E$3+crises_vs_mcap!BN6*$E$4+crises_vs_mcap!BO6*$E$5+crises_vs_mcap!BP6*$E$6+crises_vs_mcap!BQ6*$E$7) -> -0.021528133 | M50: =SUM(crises_vs_mcap!BR6*$E$2+crises_vs_mcap!BS6*$E$3+crises_vs_mcap!BT6*$E$4+crises_vs_mcap!BU6*$E$5+crises_vs_mcap!BV6*$E$6+crises_vs_mcap!BW6*$E$7) -> -0.010558208 | N50: =SUM(crises_vs_mcap!BX6*$E$2+crises_vs_mcap!BY6*$E$3+crises_vs_mcap!BZ6*$E$4+crises_vs_mcap!CA6*$E$5+crises_vs_mcap!CB6*$E$6+crises_vs_mcap!CC6*$E$7) -> -0.7625 | O50: =SUM(crises_vs_mcap!CD6*$E$2+crises_vs_mcap!CE6*$E$3+crises_vs_mcap!CF6*$E$4+crises_vs_mcap!CG6*$E$5+crises_vs_mcap!CH6*$E$6+crises_vs_mcap!CI6*$E$7) -> 0.040068535 | P50: =SUM(crises_vs_mcap!CJ6*$E$2+crises_vs_mcap!CK6*$E$3+crises_vs_mcap!CL6*$E$4+crises_vs_mcap!CM6*$E$5+crises_vs_mcap!CN6*$E$6+crises_vs_mcap!CO6*$E$7) -> -0.019462976 | Q50: =(N(crises_vs_mcap!CP6)*$E$2+N(crises_vs_mcap!CQ6)*$E$3+N(crises_vs_mcap!CR6)*$E$4+N(crises_vs_mcap!CS6)*$E$5+N(crises_vs_mcap!CT6)*$E$6+N(crises_vs_mcap!CU6)*$E$7)/(ISNUMBER(crises_vs_mcap!CP6)*$E$2+ISNUMBER(crises_vs_mcap!CQ6)*$E$3+ISNUMBER(crises_vs_mcap!CR6)*$E$4+ISNUMBER(crises_vs_mcap!CS6)*$E$5+ISNUMBER(crises_vs_mcap!CT6)*$E$6+ISNUMBER(crises_vs_mcap!CU6)*$E$7) -> 44.467291 | R50: =SUM(crises_vs_mcap!CV6*$E$2+crises_vs_mcap!CW6*$E$3+crises_vs_mcap!CX6*$E$4+crises_vs_mcap!CY6*$E$5+crises_vs_mcap!CZ6*$E$6+crises_vs_mcap!DA6*$E$7) -> 0.067531726
A51: rf | B51: rf_t_10_holdout | C51: monthly | D51: baseline | E51: none | F51: rf_t_10_holdout | G51: =SUM(crises_vs_mcap!J7*$E$2+crises_vs_mcap!K7*$E$3+crises_vs_mcap!L7*$E$4+crises_vs_mcap!M7*$E$5+crises_vs_mcap!N7*$E$6+crises_vs_mcap!O7*$E$7) -> 0.012695334 | H51: =SUM(crises_vs_mcap!P7*$E$2+crises_vs_mcap!Q7*$E$3+crises_vs_mcap!R7*$E$4+crises_vs_mcap!S7*$E$5+crises_vs_mcap!T7*$E$6+crises_vs_mcap!U7*$E$7) -> -0.015770941 | I51: =SUM(crises_vs_mcap!AB7*$E$2+crises_vs_mcap!AC7*$E$3+crises_vs_mcap!AD7*$E$4+crises_vs_mcap!AE7*$E$5+crises_vs_mcap!AF7*$E$6+crises_vs_mcap!AG7*$E$7) -> -0.013707976 | J51: =(N(crises_vs_mcap!AH7)*$E$2+N(crises_vs_mcap!AI7)*$E$3+N(crises_vs_mcap!AJ7)*$E$4+N(crises_vs_mcap!AK7)*$E$5+N(crises_vs_mcap!AL7)*$E$6+N(crises_vs_mcap!AM7)*$E$7)/(ISNUMBER(crises_vs_mcap!AH7)*$E$2+ISNUMBER(crises_vs_mcap!AI7)*$E$3+ISNUMBER(crises_vs_mcap!AJ7)*$E$4+ISNUMBER(crises_vs_mcap!AK7)*$E$5+ISNUMBER(crises_vs_mcap!AL7)*$E$6+ISNUMBER(crises_vs_mcap!AM7)*$E$7) -> 48.630076 | K51: =SUM(crises_vs_mcap!AZ7*$E$2+crises_vs_mcap!BA7*$E$3+crises_vs_mcap!BB7*$E$4+crises_vs_mcap!BC7*$E$5+crises_vs_mcap!BD7*$E$6+crises_vs_mcap!BE7*$E$7) -> -0.0064166911 | L51: =SUM(crises_vs_mcap!BL7*$E$2+crises_vs_mcap!BM7*$E$3+crises_vs_mcap!BN7*$E$4+crises_vs_mcap!BO7*$E$5+crises_vs_mcap!BP7*$E$6+crises_vs_mcap!BQ7*$E$7) -> -0.03007474 | M51: =SUM(crises_vs_mcap!BR7*$E$2+crises_vs_mcap!BS7*$E$3+crises_vs_mcap!BT7*$E$4+crises_vs_mcap!BU7*$E$5+crises_vs_mcap!BV7*$E$6+crises_vs_mcap!BW7*$E$7) -> -0.017749331 | N51: =SUM(crises_vs_mcap!BX7*$E$2+crises_vs_mcap!BY7*$E$3+crises_vs_mcap!BZ7*$E$4+crises_vs_mcap!CA7*$E$5+crises_vs_mcap!CB7*$E$6+crises_vs_mcap!CC7*$E$7) -> -0.7625 | O51: =SUM(crises_vs_mcap!CD7*$E$2+crises_vs_mcap!CE7*$E$3+crises_vs_mcap!CF7*$E$4+crises_vs_mcap!CG7*$E$5+crises_vs_mcap!CH7*$E$6+crises_vs_mcap!CI7*$E$7) -> 0.044079808 | P51: =SUM(crises_vs_mcap!CJ7*$E$2+crises_vs_mcap!CK7*$E$3+crises_vs_mcap!CL7*$E$4+crises_vs_mcap!CM7*$E$5+crises_vs_mcap!CN7*$E$6+crises_vs_mcap!CO7*$E$7) -> -0.021438623 | Q51: =(N(crises_vs_mcap!CP7)*$E$2+N(crises_vs_mcap!CQ7)*$E$3+N(crises_vs_mcap!CR7)*$E$4+N(crises_vs_mcap!CS7)*$E$5+N(crises_vs_mcap!CT7)*$E$6+N(crises_vs_mcap!CU7)*$E$7)/(ISNUMBER(crises_vs_mcap!CP7)*$E$2+ISNUMBER(crises_vs_mcap!CQ7)*$E$3+ISNUMBER(crises_vs_mcap!CR7)*$E$4+ISNUMBER(crises_vs_mcap!CS7)*$E$5+ISNUMBER(crises_vs_mcap!CT7)*$E$6+ISNUMBER(crises_vs_mcap!CU7)*$E$7) -> 58.887537 | R51: =SUM(crises_vs_mcap!CV7*$E$2+crises_vs_mcap!CW7*$E$3+crises_vs_mcap!CX7*$E$4+crises_vs_mcap!CY7*$E$5+crises_vs_mcap!CZ7*$E$6+crises_vs_mcap!DA7*$E$7) -> 0.077862399
A52: lstm | B52: lstm_t_10_holdout_rank | C52: monthly | D52: baseline | E52: none | F52: lstm_t_10_holdout_rank | G52: =SUM(crises_vs_mcap!J8*$E$2+crises_vs_mcap!K8*$E$3+crises_vs_mcap!L8*$E$4+crises_vs_mcap!M8*$E$5+crises_vs_mcap!N8*$E$6+crises_vs_mcap!O8*$E$7) -> 0.021438746 | H52: =SUM(crises_vs_mcap!P8*$E$2+crises_vs_mcap!Q8*$E$3+crises_vs_mcap!R8*$E$4+crises_vs_mcap!S8*$E$5+crises_vs_mcap!T8*$E$6+crises_vs_mcap!U8*$E$7) -> -0.0099264925 | I52: =SUM(crises_vs_mcap!AB8*$E$2+crises_vs_mcap!AC8*$E$3+crises_vs_mcap!AD8*$E$4+crises_vs_mcap!AE8*$E$5+crises_vs_mcap!AF8*$E$6+crises_vs_mcap!AG8*$E$7) -> -0.0072790568 | J52: =(N(crises_vs_mcap!AH8)*$E$2+N(crises_vs_mcap!AI8)*$E$3+N(crises_vs_mcap!AJ8)*$E$4+N(crises_vs_mcap!AK8)*$E$5+N(crises_vs_mcap!AL8)*$E$6+N(crises_vs_mcap!AM8)*$E$7)/(ISNUMBER(crises_vs_mcap!AH8)*$E$2+ISNUMBER(crises_vs_mcap!AI8)*$E$3+ISNUMBER(crises_vs_mcap!AJ8)*$E$4+ISNUMBER(crises_vs_mcap!AK8)*$E$5+ISNUMBER(crises_vs_mcap!AL8)*$E$6+ISNUMBER(crises_vs_mcap!AM8)*$E$7) -> 46.241896 | K52: =SUM(crises_vs_mcap!AZ8*$E$2+crises_vs_mcap!BA8*$E$3+crises_vs_mcap!BB8*$E$4+crises_vs_mcap!BC8*$E$5+crises_vs_mcap!BD8*$E$6+crises_vs_mcap!BE8*$E$7) -> -0.0074861515 | L52: =SUM(crises_vs_mcap!BL8*$E$2+crises_vs_mcap!BM8*$E$3+crises_vs_mcap!BN8*$E$4+crises_vs_mcap!BO8*$E$5+crises_vs_mcap!BP8*$E$6+crises_vs_mcap!BQ8*$E$7) -> -0.024202928 | M52: =SUM(crises_vs_mcap!BR8*$E$2+crises_vs_mcap!BS8*$E$3+crises_vs_mcap!BT8*$E$4+crises_vs_mcap!BU8*$E$5+crises_vs_mcap!BV8*$E$6+crises_vs_mcap!BW8*$E$7) -> -0.011447174 | N52: =SUM(crises_vs_mcap!BX8*$E$2+crises_vs_mcap!BY8*$E$3+crises_vs_mcap!BZ8*$E$4+crises_vs_mcap!CA8*$E$5+crises_vs_mcap!CB8*$E$6+crises_vs_mcap!CC8*$E$7) -> 1.3347 | O52: =SUM(crises_vs_mcap!CD8*$E$2+crises_vs_mcap!CE8*$E$3+crises_vs_mcap!CF8*$E$4+crises_vs_mcap!CG8*$E$5+crises_vs_mcap!CH8*$E$6+crises_vs_mcap!CI8*$E$7) -> 0.047718362 | P52: =SUM(crises_vs_mcap!CJ8*$E$2+crises_vs_mcap!CK8*$E$3+crises_vs_mcap!CL8*$E$4+crises_vs_mcap!CM8*$E$5+crises_vs_mcap!CN8*$E$6+crises_vs_mcap!CO8*$E$7) -> -0.021411575 | Q52: =(N(crises_vs_mcap!CP8)*$E$2+N(crises_vs_mcap!CQ8)*$E$3+N(crises_vs_mcap!CR8)*$E$4+N(crises_vs_mcap!CS8)*$E$5+N(crises_vs_mcap!CT8)*$E$6+N(crises_vs_mcap!CU8)*$E$7)/(ISNUMBER(crises_vs_mcap!CP8)*$E$2+ISNUMBER(crises_vs_mcap!CQ8)*$E$3+ISNUMBER(crises_vs_mcap!CR8)*$E$4+ISNUMBER(crises_vs_mcap!CS8)*$E$5+ISNUMBER(crises_vs_mcap!CT8)*$E$6+ISNUMBER(crises_vs_mcap!CU8)*$E$7) -> 54.045056 | R52: =SUM(crises_vs_mcap!CV8*$E$2+crises_vs_mcap!CW8*$E$3+crises_vs_mcap!CX8*$E$4+crises_vs_mcap!CY8*$E$5+crises_vs_mcap!CZ8*$E$6+crises_vs_mcap!DA8*$E$7) -> 0.072524095

Sheet crises_vs_mcap
A1: model | B1: run | C1: frequency | D1: role | E1: detector | F1: series | G1: crisis_target | H1: base_run | I1: fallback_run | J1: C1_ret_full_fix | K1: C2_ret_full_fix | L1: C3_ret_full_fix | M1: C4_ret_full_fix | N1: C5_ret_full_fix | O1: C6_ret_full_fix | P1: C1_dd_full_fix | Q1: C2_dd_full_fix | R1: C3_dd_full_fix | S1: C4_dd_full_fix | T1: C5_dd_full_fix | U1: C6_dd_full_fix | V1: C1_rec_full_fix | W1: C2_rec_full_fix | X1: C3_rec_full_fix | Y1: C4_rec_full_fix | Z1: C5_rec_full_fix | AA1: C6_rec_full_fix | AB1: C1_dd_full_flex | AC1: C2_dd_full_flex | AD1: C3_dd_full_flex | AE1: C4_dd_full_flex | AF1: C5_dd_full_flex | AG1: C6_dd_full_flex | AH1: C1_days_full_flex | AI1: C2_days_full_flex | AJ1: C3_days_full_flex | AK1: C4_days_full_flex | AL1: C5_days_full_flex | AM1: C6_days_full_flex | AN1: C1_cens_vs_mcap | AO1: C2_cens_vs_mcap | AP1: C3_cens_vs_mcap | AQ1: C4_cens_vs_mcap | AR1: C5_cens_vs_mcap | AS1: C6_cens_vs_mcap | AT1: C1_rec_full_flex | AU1: C2_rec_full_flex | AV1: C3_rec_full_flex | AW1: C4_rec_full_flex | AX1: C5_rec_full_flex | AY1: C6_rec_full_flex | AZ1: C1_ulcer_flex | BA1: C2_ulcer_flex | BB1: C3_ulcer_flex | BC1: C4_ulcer_flex | BD1: C5_ulcer_flex | BE1: C6_ulcer_flex | BF1: C1_nodd_flex | BG1: C2_nodd_flex | BH1: C3_nodd_flex | BI1: C4_nodd_flex | BJ1: C5_nodd_flex | BK1: C6_nodd_flex | BL1: C1_ret_ptt_fix | BM1: C2_ret_ptt_fix | BN1: C3_ret_ptt_fix | BO1: C4_ret_ptt_fix | BP1: C5_ret_ptt_fix | BQ1: C6_ret_ptt_fix | BR1: C1_dd_ptt_fix | BS1: C2_dd_ptt_fix | BT1: C3_dd_ptt_fix | BU1: C4_dd_ptt_fix | BV1: C5_dd_ptt_fix | BW1: C6_dd_ptt_fix | BX1: C1_days_ptt_flex | BY1: C2_days_ptt_flex | BZ1: C3_days_ptt_flex | CA1: C4_days_ptt_flex | CB1: C5_days_ptt_flex | CC1: C6_days_ptt_flex | CD1: C1_ret_ttp_fix | CE1: C2_ret_ttp_fix | CF1: C3_ret_ttp_fix | CG1: C4_ret_ttp_fix | CH1: C5_ret_ttp_fix | CI1: C6_ret_ttp_fix | CJ1: C1_dd_ttp_fix | CK1: C2_dd_ttp_fix | CL1: C3_dd_ttp_fix | CM1: C4_dd_ttp_fix | CN1: C5_dd_ttp_fix | CO1: C6_dd_ttp_fix | CP1: C1_days_ttp_flex | CQ1: C2_days_ttp_flex | CR1: C3_days_ttp_flex | CS1: C4_days_ttp_flex | CT1: C5_days_ttp_flex | CU1: C6_days_ttp_flex | CV1: C1_ret_to_even_ttp_flex | CW1: C2_ret_to_even_ttp_flex | CX1: C3_ret_to_even_ttp_flex | CY1: C4_ret_to_even_ttp_flex | CZ1: C5_ret_to_even_ttp_flex | DA1: C6_ret_to_even_ttp_flex
A2: market_cap | B2: mcap_t_10 | C2: monthly | D2: benchmark | E2: none | J2: 0 | K2: 0 | L2: 0 | M2: 0 | N2: 0 | O2: 0 | P2: 0 | Q2: 0 | R2: 0 | S2: 0 | T2: 0 | U2: 0 | V2: FALSE | W2: TRUE | X2: TRUE | Y2: TRUE | Z2: TRUE | AA2: FALSE | AB2: 0 | AC2: 0 | AD2: 0 | AE2: 0 | AF2: 0 | AG2: 0 | AI2: 0 | AJ2: 0 | AK2: 0 | AL2: 0 | AM2: 0 | AN2: TRUE | AO2: FALSE | AP2: FALSE | AQ2: FALSE | AR2: FALSE | AS2: FALSE | AT2: FALSE | AU2: TRUE | AV2: TRUE | AW2: TRUE | AX2: TRUE | AY2: TRUE | AZ2: 0 | BA2: 0 | BB2: 0 | BC2: 0 | BD2: 0 | BE2: 0 | BF2: FALSE | BG2: FALSE | BH2: FALSE | BI2: FALSE | BJ2: FALSE | BK2: FALSE | BL2: 0 | BM2: 0 | BN2: 0 | BO2: 0 | BP2: 0 | BQ2: 0 | BR2: 0 | BS2: 0 | BT2: 0 | BU2: 0 | BV2: 0 | BW2: 0 | BX2: 0 | BY2: 0 | BZ2: 0 | CA2: 0 | CB2: 0 | CC2: 0 | CD2: 0 | CE2: 0 | CF2: 0 | CG2: 0 | CH2: 0 | CI2: 0 | CJ2: 0 | CK2: 0 | CL2: 0 | CM2: 0 | CN2: 0 | CO2: 0 | CQ2: 0 | CR2: 0 | CS2: 0 | CT2: 0 | CU2: 0 | CV2: 0 | CW2: 0 | CX2: 0 | CY2: 0 | CZ2: 0 | DA2: 0
A3: equal_weight | B3: equal_t_10 | C3: monthly | D3: baseline | E3: none | H3: equal_t_10 | J3: 0.25522017 | K3: -0.029565924 | L3: 0.0038969939 | M3: -0.080299721 | N3: 0.02712318 | O3: -0.010684438 | P3: 0.093436305 | Q3: -0.052243644 | R3: 0.036103776 | S3: -0.017931775 | T3: 0.032699159 | U3: 0.036952512 | V3: TRUE | W3: TRUE | X3: TRUE | Y3: TRUE | Z3: TRUE | AA3: FALSE | AB3: 0.11370489 | AC3: -0.052736793 | AD3: 0.029242654 | AE3: -0.017931775 | AF3: 0.032699159 | AG3: 0.036952512 | AI3: 134 | AJ3: -17 | AK3: 42 | AL3: -88 | AM3: 4 | AN3: TRUE | AO3: FALSE | AP3: FALSE | AQ3: FALSE | AR3: FALSE | AS3: FALSE | AT3: TRUE | AU3: TRUE | AV3: TRUE | AW3: TRUE | AX3: TRUE | AY3: TRUE | AZ3: -0.11256693 | BA3: 0.018630332 | BB3: -0.01713225 | BC3: 0.0076420699 | BD3: -0.026207064 | BE3: -0.010898851 | BF3: FALSE | BG3: FALSE | BH3: FALSE | BI3: FALSE | BJ3: FALSE | BK3: FALSE | BL3: 0.1984197 | BM3: -0.10621909 | BN3: 0.036346003 | BO3: -0.025263836 | BP3: 0.026905921 | BQ3: 0.047631567 | BR3: 0.093436305 | BS3: -0.052243644 | BT3: 0.036103776 | BU3: -0.017931775 | BV3: 0.018569624 | BW3: 0.036952512 | BX3: 0 | BY3: 0 | BZ3: 0 | CA3: 0 | CB3: -58 | CC3: 0 | CD3: 0.047396143 | CE3: 0.085762809 | CF3: -0.03131098 | CG3: -0.05646234 | CH3: 0.00021156637 | CI3: -0.055664613 | CJ3: -0.00022602951 | CK3: -0.010941457 | CL3: 0.0067167407 | CM3: -0.024644124 | CN3: 0.018021948 | CO3: 0.012601621 | CQ3: 134 | CR3: -17 | CS3: 42 | CT3: -30 | CU3: 4 | CV3: -0.35234541 | CW3: 0.23936482 | CX3: -0.04359049 | CY3: 0.036516423 | CZ3: -0.068246256 | DA3: -0.058605343
A4: mvo | B4: mvo_t_10_lw | C4: monthly | D4: baseline | E4: none | H4: mvo_t_10_lw | J4: -0.056925924 | K4: 0.19195338 | L4: -0.027589383 | M4: -0.055815328 | N4: 0.02734436 | O4: -0.02097961 | P4: -0.05435681 | Q4: 0.05839107 | R4: 0.0033783359 | S4: -0.025594628 | T4: 0.037164145 | U4: 0.032233874 | V4: FALSE | W4: TRUE | X4: FALSE | Y4: TRUE | Z4: TRUE | AA4: FALSE | AB4: -0.049255178 | AC4: 0.066003484 | AD4: -0.0018035346 | AE4: -0.025594628 | AF4: 0.037164145 | AG4: 0.032233874 | AI4: -385 | AJ4: 13 | AK4: 37 | AL4: -88 | AM4: 13 | AN4: TRUE | AO4: FALSE | AP4: FALSE | AQ4: FALSE | AR4: FALSE | AS4: FALSE | AT4: FALSE | AU4: TRUE | AV4: TRUE | AW4: TRUE | AX4: TRUE | AY4: TRUE | AZ4: 0.066121095 | BA4: -0.041295001 | BB4: 0.00011589915 | BC4: 0.0066096228 | BD4: -0.016225284 | BE4: -0.0052838652 | BF4: FALSE | BG4: FALSE | BH4: FALSE | BI4: FALSE | BJ4: FALSE | BK4: FALSE | BL4: -0.094743145 | BM4: 0.13294001 | BN4: -0.0022416322 | BO4: -0.036059926 | BP4: 0.038896244 | BQ4: 0.041653663 | BR4: -0.05435681 | BS4: 0.05839107 | BT4: 0.0033783359 | BU4: -0.025594628 | BV4: 0.026844969 | BW4: 0.032233874 | BX4: 0 | BY4: 0 | BZ4: 0 | CA4: 0 | CB4: 0 | CC4: -2 | CD4: 0.041775128 | CE4: 0.052088703 | CF4: -0.025404699 | CG4: -0.02049443 | CH4: -0.011119382 | CI4: -0.060128692 | CJ4: -0.0025565181 | CK4: 0.030292437 | CL4: 2.2450682e-05 | CM4: -0.01135496 | CN4: 0.0033084714 | CO4: 0.035076846 | CQ4: -385 | CR4: 13 | CS4: 37 | CT4: -88 | CU4: 15 | CV4: 0.20614263 | CW4: -0.23634022 | CX4: 0.0027924079 | CY4: 0.052704877 | CZ4: -0.077079512 | DA4: -0.051420289
A5: hrp | B5: hrp_t_10_lw_ward | C5: monthly | D5: baseline | E5: none | H5: hrp_t_10_lw_ward | J5: 0.43959481 | K5: 0.19118217 | L5: -0.0043443979 | M5: -0.089978594 | N5: -0.0051907141 | O5: -0.047128102 | P5: 0.14298483 | Q5: 0.048204921 | R5: 0.057018103 | S5: -0.0057310055 | T5: 0.086200977 | U5: 0.072837999 | V5: TRUE | W5: TRUE | X5: TRUE | Y5: FALSE | Z5: TRUE | AA5: FALSE | AB5: 0.18291856 | AC5: 0.047711772 | AD5: 0.052860079 | AE5: -0.0057310055 | AF5: 0.086200977 | AG5: 0.072837999 | AI5: -148 | AJ5: -17 | AK5: 48 | AL5: -80 | AM5: 47 | AN5: TRUE | AO5: FALSE | AP5: FALSE | AQ5: FALSE | AR5: FALSE | AS5: FALSE | AT5: TRUE | AU5: TRUE | AV5: TRUE | AW5: TRUE | AX5: TRUE | AY5: TRUE | AZ5: -0.16016297 | BA5: -0.033356095 | BB5: -0.023191679 | BC5: 0.0039781817 | BD5: -0.0522314 | BE5: -0.017059558 | BF5: FALSE | BG5: FALSE | BH5: FALSE | BI5: FALSE | BJ5: FALSE | BK5: FALSE | BL5: 0.39224725 | BM5: 0.096098008 | BN5: 0.06570035 | BO5: -0.0080743363 | BP5: 0.10442584 | BQ5: 0.093887747 | BR5: 0.14298483 | BS5: 0.048204921 | BT5: 0.057018103 | BU5: -0.0057310055 | BV5: 0.072071442 | BW5: 0.072837999 | BX5: 0 | BY5: 0 | BZ5: 0 | CA5: 0 | CB5: -58 | CC5: 0 | CD5: 0.034008013 | CE5: 0.086747866 | CF5: -0.065726494 | CG5: -0.082570963 | CH5: -0.09925207 | CI5: -0.12891254 | CJ5: 0.02199849 | CK5: 0.028653305 | CL5: 0.0095562103 | CM5: -0.023534591 | CN5: 0.027842304 | CO5: 0.029889728 | CQ5: -148 | CR5: -17 | CS5: 48 | CT5: -22 | CU5: 47 | CV5: -0.51053419 | CW5: -0.17658501 | CX5: -0.076625346 | CY5: 0.011468423 | CZ5: -0.16728174 | DA5: -0.11063361
A6: xgb | B6: xgb_t_10_holdout | C6: monthly | D6: baseline | E6: none | H6: xgb_t_10_holdout | J6: 0.29360572 | K6: -0.080272156 | L6: 0.0075476267 | M6: -0.085407007 | N6: 0.061766734 | O6: -0.012637495 | P6: 0.10052888 | Q6: -0.11177293 | R6: 0.021871083 | S6: -0.032305353 | T6: -0.0048006516 | U6: 0.03507856 | V6: TRUE | W6: FALSE | X6: TRUE | Y6: TRUE | Z6: TRUE | AA6: FALSE | AB6: 0.11721249 | AC6: -0.11226608 | AD6: 0.01500996 | AE6: -0.032305353 | AF6: -0.0048006516 | AG6: 0.03507856 | AI6: 183 | AJ6: -9 | AK6: 44 | AL6: -109 | AM6: 3 | AN6: TRUE | AO6: FALSE | AP6: FALSE | AQ6: FALSE | AR6: FALSE | AS6: FALSE | AT6: TRUE | AU6: TRUE | AV6: TRUE | AW6: TRUE | AX6: TRUE | AY6: TRUE | AZ6: -0.12908386 | BA6: 0.044065224 | BB6: -0.013932221 | BC6: 0.010480075 | BD6: -0.0068466787 | BE6: -0.0067257694 | BF6: FALSE | BG6: FALSE | BH6: FALSE | BI6: FALSE | BJ6: FALSE | BK6: FALSE | BL6: 0.19211184 | BM6: -0.22090821 | BN6: 0.018656038 | BO6: -0.045514576 | BP6: -0.026820928 | BQ6: 0.045216055 | BR6: 0.10052888 | BS6: -0.11177293 | BT6: 0.021871083 | BU6: -0.032305353 | BV6: -0.018510964 | BW6: 0.03507856 | BX6: 55 | BY6: -2 | BZ6: 0 | CA6: 0 | CB6: -56 | CC6: 0 | CD6: 0.085137879 | CE6: 0.18051282 | CF6: -0.010904968 | CG6: -0.041794699 | CH6: 0.091029148 | CI6: -0.055350805 | CJ6: 0.0024848008 | CK6: -0.046127846 | CL6: 0.0048157396 | CM6: -0.038224222 | CN6: 2.2201228e-05 | CO6: -0.010968214 | CQ6: 185 | CR6: -9 | CS6: 44 | CT6: -53 | CU6: 3 | CV6: -0.36119648 | CW6: 0.58850772 | CX6: -0.022763117 | CY6: 0.067182662 | CZ6: 0.010579167 | DA6: -0.055761893
A7: rf | B7: rf_t_10_holdout | C7: monthly | D7: baseline | E7: none | H7: rf_t_10_holdout | J7: 0.33078389 | K7: -0.10663514 | L7: 0.030518486 | M7: -0.1175465 | N7: 0.073060494 | O7: 0.011898547 | P7: 0.090445701 | Q7: -0.10599776 | R7: 0.026459062 | S7: -0.0510054 | T7: -0.0141653 | U7: 0.027633256 | V7: TRUE | W7: FALSE | X7: TRUE | Y7: FALSE | Z7: TRUE | AA7: TRUE | AB7: 0.1104793 | AC7: -0.10649091 | AD7: 0.019793899 | AE7: -0.0510054 | AF7: -0.0141653 | AG7: 0.027633256 | AI7: 240 | AJ7: -23 | AK7: 59 | AL7: -109 | AM7: -3 | AN7: TRUE | AO7: FALSE | AP7: FALSE | AQ7: FALSE | AR7: FALSE | AS7: FALSE | AT7: TRUE | AU7: TRUE | AV7: TRUE | AW7: TRUE | AX7: TRUE | AY7: TRUE | AZ7: -0.12638916 | BA7: 0.050748552 | BB7: -0.016519551 | BC7: 0.020618735 | BD7: -0.0013483211 | BE7: -0.0073700467 | BF7: FALSE | BG7: FALSE | BH7: FALSE | BI7: FALSE | BJ7: FALSE | BK7: FALSE | BL7: 0.17939671 | BM7: -0.20554613 | BN7: 0.024602046 | BO7: -0.071860819 | BP7: -0.039660122 | BQ7: 0.035619103 | BR7: 0.090445701 | BS7: -0.10599776 | BT7: 0.026459062 | BU7: -0.0510054 | BV7: -0.027372174 | BW7: 0.027633256 | BX7: 55 | BY7: -2 | BZ7: 0 | CA7: 0 | CB7: -56 | CC7: 0 | CD7: 0.12835984 | CE7: 0.12450187 | CF7: 0.005774378 | CG7: -0.049222875 | CH7: 0.11737575 | CI7: -0.022904711 | CJ7: -0.00023985682 | CK7: -0.040494049 | CL7: 0.0028737982 | CM7: -0.044049041 | CN7: -0.011063729 | CO7: -0.005069138 | CQ7: 242 | CR7: -23 | CS7: 59 | CT7: -53 | CU7: -3 | CV7: -0.34411819 | CW7: 0.54996743 | CX7: -0.029843921 | CY7: 0.10908249 | CZ7: 0.031657652 | DA7: -0.044333685
A8: lstm | B8: lstm_t_10_holdout_rank | C8: monthly | D8: baseline | E8: none | H8: lstm_t_10_holdout_rank | J8: 0.35700043 | K8: -0.1263301 | L8: 0.030487033 | M8: -0.091492216 | N8: 0.10386604 | O8: -0.0097934285 | P8: 0.064113455 | Q8: -0.11065959 | R8: 0.040757998 | S8: -0.030538424 | T8: -0.014078887 | U8: 0.053037766 | V8: TRUE | W8: FALSE | X8: TRUE | Y8: FALSE | Z8: TRUE | AA8: FALSE | AB8: 0.088317434 | AC8: -0.11115274 | AD8: 0.033896876 | AE8: -0.030538424 | AF8: -0.014078887 | AG8: 0.053037766 | AI8: 240 | AJ8: -30 | AK8: 54 | AL8: -112 | AM8: 1 | AN8: TRUE | AO8: FALSE | AP8: FALSE | AQ8: FALSE | AR8: FALSE | AS8: FALSE | AT8: TRUE | AU8: TRUE | AV8: TRUE | AW8: TRUE | AX8: TRUE | AY8: TRUE | AZ8: -0.11521659 | BA8: 0.060512094 | BB8: -0.021666554 | BC8: 0.011241235 | BD8: -0.0053728155 | BE8: -0.013545772 | BF8: FALSE | BG8: FALSE | BH8: FALSE | BI8: FALSE | BJ8: FALSE | BK8: FALSE | BL8: 0.13754564 | BM8: -0.2207472 | BN8: 0.042130784 | BO8: -0.043025174 | BP8: -0.035107793 | BQ8: 0.068365364 | BR8: 0.064113455 | BS8: -0.11065959 | BT8: 0.040757998 | BU8: -0.030538424 | BV8: -0.024230299 | BW8: 0.053037766 | BX8: 55 | BY8: -2 | BZ8: 0 | CA8: 0 | CB8: -42 | CC8: 0 | CD8: 0.19291955 | CE8: 0.12116363 | CF8: -0.011173023 | CG8: -0.0506461 | CH8: 0.14403042 | CI8: -0.073157363 | CJ8: 0.0046873533 | CK8: -0.050683802 | CL8: 0.0096071676 | CM8: -0.047600057 | CN8: -0.0081335303 | CO8: 0.0020879662 | CQ8: 242 | CR8: -30 | CS8: 54 | CT8: -70 | CU8: 1 | CV8: -0.28520967 | CW8: 0.58098801 | CX8: -0.050247816 | CY8: 0.063342927 | CZ8: 0.031460423 | DA8: -0.082483531

Sheet crises_raw
A1: model | B1: run | C1: frequency | D1: role | E1: detector | F1: series | G1: crisis_target | H1: base_run | I1: fallback_run | J1: C1_ret_full_fix | K1: C2_ret_full_fix | L1: C3_ret_full_fix | M1: C4_ret_full_fix | N1: C5_ret_full_fix | O1: C6_ret_full_fix | P1: C1_dd_full_fix | Q1: C2_dd_full_fix | R1: C3_dd_full_fix | S1: C4_dd_full_fix | T1: C5_dd_full_fix | U1: C6_dd_full_fix | V1: C1_rec_full_fix | W1: C2_rec_full_fix | X1: C3_rec_full_fix | Y1: C4_rec_full_fix | Z1: C5_rec_full_fix | AA1: C6_rec_full_fix | AB1: C1_dd_full_flex | AC1: C2_dd_full_flex | AD1: C3_dd_full_flex | AE1: C4_dd_full_flex | AF1: C5_dd_full_flex | AG1: C6_dd_full_flex | AH1: C1_days_full_flex | AI1: C2_days_full_flex | AJ1: C3_days_full_flex | AK1: C4_days_full_flex | AL1: C5_days_full_flex | AM1: C6_days_full_flex | AN1: C1_rec_full_flex | AO1: C2_rec_full_flex | AP1: C3_rec_full_flex | AQ1: C4_rec_full_flex | AR1: C5_rec_full_flex | AS1: C6_rec_full_flex | AT1: C1_ulcer_flex | AU1: C2_ulcer_flex | AV1: C3_ulcer_flex | AW1: C4_ulcer_flex | AX1: C5_ulcer_flex | AY1: C6_ulcer_flex | AZ1: C1_nodd_flex | BA1: C2_nodd_flex | BB1: C3_nodd_flex | BC1: C4_nodd_flex | BD1: C5_nodd_flex | BE1: C6_nodd_flex | BF1: C1_ret_ptt_fix | BG1: C2_ret_ptt_fix | BH1: C3_ret_ptt_fix | BI1: C4_ret_ptt_fix | BJ1: C5_ret_ptt_fix | BK1: C6_ret_ptt_fix | BL1: C1_dd_ptt_fix | BM1: C2_dd_ptt_fix | BN1: C3_dd_ptt_fix | BO1: C4_dd_ptt_fix | BP1: C5_dd_ptt_fix | BQ1: C6_dd_ptt_fix | BR1: C1_days_ptt_flex | BS1: C2_days_ptt_flex | BT1: C3_days_ptt_flex | BU1: C4_days_ptt_flex | BV1: C5_days_ptt_flex | BW1: C6_days_ptt_flex | BX1: C1_ret_ttp_fix | BY1: C2_ret_ttp_fix | BZ1: C3_ret_ttp_fix | CA1: C4_ret_ttp_fix | CB1: C5_ret_ttp_fix | CC1: C6_ret_ttp_fix | CD1: C1_dd_ttp_fix | CE1: C2_dd_ttp_fix | CF1: C3_dd_ttp_fix | CG1: C4_dd_ttp_fix | CH1: C5_dd_ttp_fix | CI1: C6_dd_ttp_fix | CJ1: C1_days_ttp_flex | CK1: C2_days_ttp_flex | CL1: C3_days_ttp_flex | CM1: C4_days_ttp_flex | CN1: C5_days_ttp_flex | CO1: C6_days_ttp_flex | CP1: C1_ret_to_even_ttp_flex | CQ1: C2_ret_to_even_ttp_flex | CR1: C3_ret_to_even_ttp_flex | CS1: C4_ret_to_even_ttp_flex | CT1: C5_ret_to_even_ttp_flex | CU1: C6_ret_to_even_ttp_flex
A2: market_cap | B2: mcap_t_10 | C2: monthly | D2: benchmark | E2: none | J2: -0.093431442 | K2: 0.053905871 | L2: 0.023409871 | M2: 0.097826472 | N2: 0.061017035 | O2: -0.002396027 | P2: -0.48623094 | Q2: -0.5040024 | R2: -0.20229799 | S2: -0.29021962 | T2: -0.32396085 | U2: -0.22420123 | V2: FALSE | W2: TRUE | X2: TRUE | Y2: TRUE | Z2: TRUE | AA2: FALSE | AB2: -0.4859402 | AC2: -0.50350925 | AD2: -0.19543687 | AE2: -0.29021962 | AF2: -0.32396085 | AG2: -0.22420123 | AH2: 1896 | AI2: 1215 | AJ2: 140 | AK2: 78 | AL2: 473 | AM2: 89 | AN2: FALSE | AO2: TRUE | AP2: TRUE | AQ2: TRUE | AR2: TRUE | AS2: TRUE | AT2: 0.26575752 | AU2: 0.15617271 | AV2: 0.052189634 | AW2: 0.057288933 | AX2: 0.1456175 | AY2: 0.06633642 | AZ2: FALSE | BA2: FALSE | BB2: FALSE | BC2: FALSE | BD2: FALSE | BE2: FALSE | BF2: -0.47045884 | BG2: -0.50350925 | BH2: -0.19543687 | BI2: -0.29021962 | BJ2: -0.30983132 | BK2: -0.22420123 | BL2: -0.48623094 | BM2: -0.5040024 | BN2: -0.20229799 | BO2: -0.29021962 | BP2: -0.30983132 | BQ2: -0.22420123 | BR2: 583 | BS2: 355 | BT2: 64 | BU2: 23 | BV2: 253 | BW2: 34 | BX2: 0.71198885 | BY2: 1.12271 | BZ2: 0.27200692 | CA2: 0.54671289 | CB2: 0.53733002 | CC2: 0.28590558 | CD2: -0.13952917 | CE2: -0.15303434 | CF2: -0.032860685 | CG2: -0.051851566 | CH2: -0.1055402 | CI2: -0.078998257 | CJ2: 1313 | CK2: 860 | CL2: 76 | CM2: 55 | CN2: 220 | CO2: 55 | CP2: 0.94529896 | CQ2: 1.0141362 | CR2: 0.24291055 | CS2: 0.4088865 | CT2: 0.47920428 | CU2: 0.28899405
A3: equal_weight | B3: equal_t_10 | C3: monthly | D3: baseline | E3: none | H3: equal_t_10 | J3: 0.13794314 | K3: 0.02274617 | L3: 0.027398093 | M3: 0.0096713128 | N3: 0.089795192 | O3: -0.013054865 | P3: -0.39279464 | Q3: -0.55624605 | R3: -0.16619422 | S3: -0.30815139 | T3: -0.29126169 | U3: -0.18724872 | V3: TRUE | W3: TRUE | X3: TRUE | Y3: TRUE | Z3: TRUE | AA3: FALSE | AB3: -0.37223531 | AC3: -0.55624605 | AD3: -0.16619422 | AE3: -0.30815139 | AF3: -0.29126169 | AG3: -0.18724872 | AH3: 1632 | AI3: 1349 | AJ3: 123 | AK3: 120 | AL3: 385 | AM3: 93 | AN3: TRUE | AO3: TRUE | AP3: TRUE | AQ3: TRUE | AR3: TRUE | AS3: TRUE | AT3: 0.15319059 | AU3: 0.17480304 | AV3: 0.035057383 | AW3: 0.064931002 | AX3: 0.11941044 | AY3: 0.05543757 | AZ3: FALSE | BA3: FALSE | BB3: FALSE | BC3: FALSE | BD3: FALSE | BE3: FALSE | BF3: -0.36538745 | BG3: -0.55624605 | BH3: -0.16619422 | BI3: -0.30815139 | BJ3: -0.29126169 | BK3: -0.18724872 | BL3: -0.39279464 | BM3: -0.55624605 | BN3: -0.16619422 | BO3: -0.30815139 | BP3: -0.29126169 | BQ3: -0.18724872 | BR3: 583 | BS3: 355 | BT3: 64 | BU3: 23 | BV3: 195 | BW3: 34 | BX3: 0.79313051 | BY3: 1.3047596 | BZ3: 0.23217914 | CA3: 0.45938186 | CB3: 0.53765527 | CC3: 0.21432615 | CD3: -0.1397552 | CE3: -0.1639758 | CF3: -0.026143944 | CG3: -0.07649569 | CH3: -0.087518255 | CI3: -0.066396635 | CJ3: 1049 | CK3: 994 | CL3: 59 | CM3: 97 | CN3: 190 | CO3: 59 | CP3: 0.59295356 | CQ3: 1.253501 | CR3: 0.19932006 | CS3: 0.44540292 | CT3: 0.41095803 | CU3: 0.2303887
A4: mvo | B4: mvo_t_10_lw | C4: monthly | D4: baseline | E4: none | H4: mvo_t_10_lw | J4: -0.14503869 | K4: 0.25620667 | L4: -0.0048253765 | M4: 0.036550928 | N4: 0.090029867 | O4: -0.023325369 | P4: -0.54058775 | Q4: -0.44561133 | R4: -0.19891966 | S4: -0.31581424 | T4: -0.28679671 | U4: -0.19196735 | V4: FALSE | W4: TRUE | X4: FALSE | Y4: TRUE | Z4: TRUE | AA4: FALSE | AB4: -0.53519538 | AC4: -0.43750577 | AD4: -0.1972404 | AE4: -0.31581424 | AF4: -0.28679671 | AG4: -0.19196735 | AH4: 1896 | AI4: 830 | AJ4: 153 | AK4: 115 | AL4: 385 | AM4: 102 | AN4: FALSE | AO4: TRUE | AP4: TRUE | AQ4: TRUE | AR4: TRUE | AS4: TRUE | AT4: 0.33187861 | AU4: 0.11487771 | AV4: 0.052305533 | AW4: 0.063898555 | AX4: 0.12939222 | AY4: 0.061052555 | AZ4: FALSE | BA4: FALSE | BB4: FALSE | BC4: FALSE | BD4: FALSE | BE4: FALSE | BF4: -0.52062924 | BG4: -0.43750577 | BH4: -0.1972404 | BI4: -0.31581424 | BJ4: -0.28298635 | BK4: -0.19188637 | BL4: -0.54058775 | BM4: -0.44561133 | BN4: -0.19891966 | BO4: -0.31581424 | BP4: -0.28298635 | BQ4: -0.19196735 | BR4: 583 | BS4: 355 | BT4: 64 | BU4: 23 | BV4: 253 | BW4: 32 | BX4: 0.7835074 | BY4: 1.2332792 | BZ4: 0.23969197 | CA4: 0.51501389 | CB4: 0.52023586 | CC4: 0.20858576 | CD4: -0.14208569 | CE4: -0.12274191 | CF4: -0.032838234 | CG4: -0.063206526 | CH4: -0.10223173 | CI4: -0.04392141 | CJ4: 1313 | CK4: 475 | CL4: 89 | CM4: 92 | CN4: 132 | CO4: 70 | CP4: 1.1514416 | CQ4: 0.77779601 | CR4: 0.24570295 | CS4: 0.46159137 | CT4: 0.40212477 | CU4: 0.23757376
A5: hrp | B5: hrp_t_10_lw_ward | C5: monthly | D5: baseline | E5: none | H5: hrp_t_10_lw_ward | J5: 0.30509139 | K5: 0.25539388 | L5: 0.018963771 | M5: -0.00095441017 | N5: 0.055509599 | O5: -0.049411209 | P5: -0.34324611 | Q5: -0.45579748 | R5: -0.14527989 | S5: -0.29595062 | T5: -0.23775988 | U5: -0.15136323 | V5: TRUE | W5: TRUE | X5: TRUE | Y5: FALSE | Z5: TRUE | AA5: FALSE | AB5: -0.30302164 | AC5: -0.45579748 | AD5: -0.14257679 | AE5: -0.29595062 | AF5: -0.23775988 | AG5: -0.15136323 | AH5: 963 | AI5: 1067 | AJ5: 123 | AK5: 126 | AL5: 393 | AM5: 136 | AN5: TRUE | AO5: TRUE | AP5: TRUE | AQ5: TRUE | AR5: TRUE | AS5: TRUE | AT5: 0.10559454 | AU5: 0.12281662 | AV5: 0.028997955 | AW5: 0.061267114 | AX5: 0.093386103 | AY5: 0.049276862 | AZ5: FALSE | BA5: FALSE | BB5: FALSE | BC5: FALSE | BD5: FALSE | BE5: FALSE | BF5: -0.26274778 | BG5: -0.45579748 | BH5: -0.14257679 | BI5: -0.29595062 | BJ5: -0.23775988 | BK5: -0.15136323 | BL5: -0.34324611 | BM5: -0.45579748 | BN5: -0.14527989 | BO5: -0.29595062 | BP5: -0.23775988 | BQ5: -0.15136323 | BR5: 583 | BS5: 355 | BT5: 64 | BU5: 23 | BV5: 195 | BW5: 34 | BX5: 0.77021018 | BY5: 1.3068506 | BZ5: 0.18840237 | CA5: 0.41899932 | CB5: 0.38474684 | CC5: 0.12013623 | CD5: -0.11753068 | CE5: -0.12438104 | CF5: -0.023304475 | CG5: -0.075386157 | CH5: -0.077697899 | CI5: -0.049108529 | CJ5: 380 | CK5: 712 | CL5: 59 | CM5: 103 | CN5: 198 | CO5: 102 | CP5: 0.43476477 | CQ5: 0.83755121 | CR5: 0.1662852 | CS5: 0.42035492 | CT5: 0.31192254 | CU5: 0.17836044
A6: xgb | B6: xgb_t_10_holdout | C6: monthly | D6: baseline | E6: none | H6: xgb_t_10_holdout | J6: 0.17274227 | K6: -0.030693425 | L6: 0.031134186 | M6: 0.0040643986 | N6: 0.12655259 | O6: -0.015003243 | P6: -0.38570207 | Q6: -0.61577533 | R6: -0.18042691 | S6: -0.32252497 | T6: -0.3287615 | U6: -0.18912267 | V6: TRUE | W6: FALSE | X6: TRUE | Y6: TRUE | Z6: TRUE | AA6: FALSE | AB6: -0.36872771 | AC6: -0.61577533 | AD6: -0.18042691 | AE6: -0.32252497 | AF6: -0.3287615 | AG6: -0.18912267 | AH6: 1616 | AI6: 1398 | AJ6: 131 | AK6: 122 | AL6: 364 | AM6: 92 | AN6: TRUE | AO6: TRUE | AP6: TRUE | AQ6: TRUE | AR6: TRUE | AS6: TRUE | AT6: 0.13667365 | AU6: 0.20023794 | AV6: 0.038257413 | AW6: 0.067769007 | AX6: 0.13877082 | AY6: 0.059610651 | AZ6: FALSE | BA6: FALSE | BB6: FALSE | BC6: FALSE | BD6: FALSE | BE6: FALSE | BF6: -0.36872771 | BG6: -0.61318814 | BH6: -0.18042691 | BI6: -0.32252497 | BJ6: -0.32834228 | BK6: -0.18912267 | BL6: -0.38570207 | BM6: -0.61577533 | BN6: -0.18042691 | BO6: -0.32252497 | BP6: -0.32834228 | BQ6: -0.18912267 | BR6: 638 | BS6: 353 | BT6: 64 | BU6: 23 | BV6: 197 | BW6: 34 | BX6: 0.85774395 | BY6: 1.5058864 | BZ6: 0.25813573 | CA6: 0.48206849 | CB6: 0.67727187 | CC6: 0.21472967 | CD6: -0.13704437 | CE6: -0.19916219 | CF6: -0.028044945 | CG6: -0.090075788 | CH6: -0.105518 | CI6: -0.089966471 | CJ6: 978 | CK6: 1045 | CL6: 67 | CM6: 99 | CN6: 167 | CO6: 58 | CP6: 0.58410249 | CQ6: 1.6026439 | CR6: 0.22014743 | CS6: 0.47606916 | CT6: 0.48978345 | CU6: 0.23323215
A7: rf | B7: rf_t_10_holdout | C7: monthly | D7: baseline | E7: none | H7: rf_t_10_holdout | J7: 0.20644683 | K7: -0.058477524 | L7: 0.05464279 | M7: -0.031219185 | N7: 0.13853546 | O7: 0.0094740104 | P7: -0.39578524 | Q7: -0.61000017 | R7: -0.17583893 | S7: -0.34122501 | T7: -0.33812615 | U7: -0.19656797 | V7: TRUE | W7: FALSE | X7: TRUE | Y7: FALSE | Z7: TRUE | AA7: TRUE | AB7: -0.3754609 | AC7: -0.61000017 | AD7: -0.17564297 | AE7: -0.34122501 | AF7: -0.33812615 | AG7: -0.19656797 | AH7: 1607 | AI7: 1455 | AJ7: 117 | AK7: 137 | AL7: 364 | AM7: 86 | AN7: TRUE | AO7: TRUE | AP7: TRUE | AQ7: TRUE | AR7: TRUE | AS7: TRUE | AT7: 0.13936836 | AU7: 0.20692126 | AV7: 0.035670083 | AW7: 0.077907667 | AX7: 0.14426918 | AY7: 0.058966373 | AZ7: FALSE | BA7: FALSE | BB7: FALSE | BC7: FALSE | BD7: FALSE | BE7: FALSE | BF7: -0.3754609 | BG7: -0.605561 | BH7: -0.17564297 | BI7: -0.34122501 | BJ7: -0.33720349 | BK7: -0.19656797 | BL7: -0.39578524 | BM7: -0.61000017 | BN7: -0.17583893 | BO7: -0.34122501 | BP7: -0.33720349 | BQ7: -0.19656797 | BR7: 638 | BS7: 353 | BT7: 64 | BU7: 23 | BV7: 197 | BW7: 34 | BX7: 0.93173947 | BY7: 1.3869914 | BZ7: 0.27935197 | CA7: 0.47057924 | CB7: 0.71777529 | CC7: 0.25645229 | CD7: -0.13976903 | CE7: -0.19352839 | CF7: -0.029986887 | CG7: -0.095900607 | CH7: -0.11660393 | CI7: -0.084067395 | CJ7: 969 | CK7: 1102 | CL7: 53 | CM7: 114 | CN7: 167 | CO7: 52 | CP7: 0.60118077 | CQ7: 1.5641037 | CR7: 0.21306662 | CS7: 0.51796899 | CT7: 0.51086193 | CU7: 0.24466036
A8: lstm | B8: lstm_t_10_holdout_rank | C8: monthly | D8: baseline | E8: none | H8: lstm_t_10_holdout_rank | J8: 0.23021392 | K8: -0.079234161 | L8: 0.054610601 | M8: -0.002616105 | N8: 0.17122067 | O8: -0.01216599 | P8: -0.42211749 | Q8: -0.61466199 | R8: -0.16153999 | S8: -0.32075804 | T8: -0.33803974 | U8: -0.17116346 | V8: TRUE | W8: FALSE | X8: TRUE | Y8: FALSE | Z8: TRUE | AA8: FALSE | AB8: -0.39762276 | AC8: -0.61466199 | AD8: -0.16153999 | AE8: -0.32075804 | AF8: -0.33803974 | AG8: -0.17116346 | AH8: 1458 | AI8: 1455 | AJ8: 110 | AK8: 132 | AL8: 361 | AM8: 90 | AN8: TRUE | AO8: TRUE | AP8: TRUE | AQ8: TRUE | AR8: TRUE | AS8: TRUE | AT8: 0.15054093 | AU8: 0.21668481 | AV8: 0.03052308 | AW8: 0.068530167 | AX8: 0.14024469 | AY8: 0.052790648 | AZ8: FALSE | BA8: FALSE | BB8: FALSE | BC8: FALSE | BD8: FALSE | BE8: FALSE | BF8: -0.39762276 | BG8: -0.61310819 | BH8: -0.16153999 | BI8: -0.32075804 | BJ8: -0.33406162 | BK8: -0.17116346 | BL8: -0.42211749 | BM8: -0.61466199 | BN8: -0.16153999 | BO8: -0.32075804 | BP8: -0.33406162 | BQ8: -0.17116346 | BR8: 638 | BS8: 353 | BT8: 64 | BU8: 23 | BV8: 211 | BW8: 34 | BX8: 1.042265 | BY8: 1.3799052 | BZ8: 0.25779476 | CA8: 0.46837792 | CB8: 0.75875231 | CC8: 0.19183212 | CD8: -0.13484182 | CE8: -0.20371815 | CF8: -0.023253517 | CG8: -0.099451623 | CH8: -0.11367373 | CI8: -0.07691029 | CJ8: 820 | CK8: 1102 | CL8: 46 | CM8: 109 | CN8: 150 | CO8: 56 | CP8: 0.66008929 | CQ8: 1.5951242 | CR8: 0.19266273 | CS8: 0.47222942 | CT8: 0.5106647 | CU8: 0.20651052
